SOURCE_WALLET_GUID,TIER_LEVEL,MERCHANT_LABEL,CURRENT_STATE,date,MailGroup,bvn_flag,KYC_STATUS,month,day,hour,minute,count_trans,Total_transacted_perminute,merchant_label_,tier_level_,current_state_,MailGroup_,bvn_flag_,kyc_status_,y_pred,y_scores,Fraud_Flag
017e6020-ef11-0b36-763b-fb5cb0a9f908,2,missing,complete,2022-01-17,Personal-Email,yes,DENIED,1,17,5,13,1,20000000,1,1,1,1,1,3,1,0.045176639069992364,Fraudulent
018259d3-bd9c-157b-eced-c68512a8cad9,missing,ecommerce,complete,2022-09-07,No-Email,no,UNKNOWN,9,7,10,43,2,9800000,3,2,1,2,2,2,1,0.013482803181491088,Fraudulent
017fc052-3868-f90a-07a5-2450ef1e27b7,2,missing,complete,2022-03-25,Personal-Email,no,DENIED,3,25,10,29,1,20000000,1,1,1,1,2,3,1,0.0037110991319682096,Fraudulent
017f20c3-4140-c5a6-64b0-e68a675c12c4,2,missing,complete,2022-03-24,Personal-Email,no,DENIED,3,24,22,23,1,19950000,1,1,1,1,2,3,1,0.018436468348716373,Fraudulent
018259d3-bd9c-157b-eced-c68512a8cad9,missing,ecommerce,complete,2022-08-29,No-Email,no,UNKNOWN,8,29,8,46,2,4000000,3,2,1,2,2,2,1,0.01417482207497378,Fraudulent
018259d3-bd9c-157b-eced-c68512a8cad9,missing,ecommerce,complete,2022-08-09,No-Email,no,UNKNOWN,8,9,18,30,3,4470000,3,2,1,2,2,2,1,0.0009120860303708511,Fraudulent
018259d3-bd9c-157b-eced-c68512a8cad9,missing,ecommerce,complete,2022-08-30,No-Email,no,UNKNOWN,8,30,12,35,2,10000000,3,2,1,2,2,2,1,0.01991534957408403,Fraudulent
017cf0c3-03b8-3855-e751-3b03a29bab44,2,missing,complete,2021-08-11,Personal-Email,no,DENIED,8,11,14,58,2,9800000,1,1,1,1,2,3,1,0.013877204437095836,Fraudulent
018259d3-bd9c-157b-eced-c68512a8cad9,missing,ecommerce,complete,2022-08-30,No-Email,no,UNKNOWN,8,30,16,51,2,5000000,3,2,1,2,2,2,1,0.011020179900182447,Fraudulent
01825e0f-71d0-f67a-88d5-6bc70a8097fc,missing,missing,complete,2022-09-01,No-Email,no,UNKNOWN,9,1,11,20,1,532194277,3,1,1,2,2,2,1,0.009106215039036636,Fraudulent
018139ed-f4c6-6b7c-be0b-a3bbb04a672e,2,missing,complete,2022-07-06,Personal-Email,no,DENIED,7,6,0,27,1,20000000,1,1,1,1,2,3,1,0.03260337467900554,Fraudulent
01800b2a-3ac2-c6d0-e83d-69bbfe542fe5,2,missing,complete,2022-08-04,Personal-Email,yes,ACCEPTED,8,4,22,37,3,15000000,1,1,1,1,1,1,1,0.02752559095437579,Fraudulent
018259d3-bd9c-157b-eced-c68512a8cad9,missing,ecommerce,complete,2022-11-09,No-Email,no,UNKNOWN,11,9,14,48,2,5200000,3,2,1,2,2,2,1,0.003636931951940814,Fraudulent
018022b6-72d8-31ec-de22-2ae1987a848f,2,missing,complete,2022-04-14,Personal-Email,no,DENIED,4,14,0,1,1,20000000,1,1,1,1,2,3,1,0.05748690591515926,Fraudulent
018259d3-bd9c-157b-eced-c68512a8cad9,missing,ecommerce,complete,2022-09-07,No-Email,no,UNKNOWN,9,7,15,17,2,16500000,3,2,1,2,2,2,1,0.02401319241501354,Fraudulent
017f5025-4352-4539-0232-dba80cb6494a,2,missing,complete,2022-03-03,Personal-Email,yes,DENIED,3,3,15,0,1,9800000,1,1,1,1,1,3,1,0.013089719635017816,Fraudulent
0180dc25-024b-5163-828b-2dbeaf34fcfe,2,missing,complete,2022-05-19,Personal-Email,yes,DENIED,5,19,11,55,1,20000000,1,1,1,1,1,3,1,0.013739316067762575,Fraudulent
018259d3-bd9c-157b-eced-c68512a8cad9,missing,ecommerce,complete,2022-09-07,No-Email,no,UNKNOWN,9,7,10,45,2,8001000,3,2,1,2,2,2,1,0.003923824289418509,Fraudulent
017fe08b-e3a4-4f14-02cf-56948c4de896,2,missing,complete,2022-03-31,Personal-Email,yes,DENIED,3,31,15,25,1,15000000,1,1,1,1,1,3,1,0.0008695188934455533,Fraudulent
017fcd86-eb85-5e64-aeaf-9a2adc8eeb51,2,missing,complete,2022-03-28,Personal-Email,no,DENIED,3,28,14,53,1,16400000,1,1,1,1,2,3,1,0.00019168959727700052,Fraudulent
01823738-e061-401b-52f1-4947969878fd,2,missing,complete,2022-05-08,Personal-Email,no,DENIED,5,8,2,1,1,10000000,1,1,1,1,2,3,1,0.01263477191299378,Fraudulent
0182a1b0-314a-75a0-73f8-a07017749e1b,3,ecommerce,complete,2022-08-31,Personal-Email,no,ACCEPTED,8,31,2,6,1,10000000,2,2,1,1,2,1,1,0.028298723073549414,Fraudulent
017f55b8-ffe0-6c17-5a3b-ae439adafcee,2,missing,complete,2022-06-03,Personal-Email,yes,DENIED,6,3,15,33,2,10000000,1,1,1,1,1,3,1,0.04596905273660201,Fraudulent
017fbd30-d245-69df-21e1-9e0ccab7cc54,2,missing,complete,2022-03-26,Personal-Email,no,DENIED,3,26,0,5,1,15000000,1,1,1,1,2,3,1,0.029531076378196963,Fraudulent
018259d3-bd9c-157b-eced-c68512a8cad9,missing,ecommerce,complete,2022-08-30,No-Email,no,UNKNOWN,8,30,11,5,2,9000000,3,2,1,2,2,2,1,0.022781412542477786,Fraudulent
018259d3-bd9c-157b-eced-c68512a8cad9,missing,ecommerce,complete,2022-08-27,No-Email,no,UNKNOWN,8,27,18,8,3,20200500,3,2,1,2,2,2,1,0.05224456640275288,Fraudulent
01810150-e84e-67de-bd59-8966490df375,2,missing,complete,2022-05-26,Personal-Email,no,DENIED,5,26,17,13,1,20000000,1,1,1,1,2,3,1,0.013752458354273966,Fraudulent
017f268c-d46e-c39f-daf8-bf41cccbe570,2,missing,complete,2022-05-03,Personal-Email,no,DENIED,5,3,1,23,2,11900000,1,1,1,1,2,3,1,0.05763505940542335,Fraudulent
01811b3b-75c5-02f3-5f63-c762ec878ba4,2,missing,complete,2022-05-31,Personal-Email,no,ACCEPTED,5,31,17,55,2,17280000,1,1,1,1,2,1,1,0.007944256506110414,Fraudulent
018259d3-bd9c-157b-eced-c68512a8cad9,missing,ecommerce,complete,2022-09-09,No-Email,no,UNKNOWN,9,9,21,32,2,10009500,3,2,1,2,2,2,1,0.01942588211407037,Fraudulent
0180601e-db62-9bd1-02fc-605b92113da6,2,missing,complete,2022-04-25,Personal-Email,yes,DENIED,4,25,10,36,1,20000000,1,1,1,1,1,3,1,0.00946085691651044,Fraudulent
017fd27c-0cad-4cf3-eaa1-7fd6c1791c2f,2,missing,complete,2022-03-30,Personal-Email,no,ACCEPTED,3,30,0,3,1,20000000,1,1,1,1,2,1,1,0.01014038909919135,Fraudulent
0180b250-7998-9870-79a1-326f7c98144a,missing,ecommerce,complete,2022-07-25,No-Email,no,UNKNOWN,7,25,11,37,2,4470950,3,2,1,2,2,2,1,0.00965571081747607,Fraudulent
017ebb1d-276e-e737-eebc-76c4d34b1a91,2,missing,complete,2022-02-02,Personal-Email,no,DENIED,2,2,15,54,1,17300000,1,1,1,1,2,3,1,0.019672671344481252,Fraudulent
017fe1a5-b28c-46f8-582a-63181b639dae,2,missing,complete,2022-02-04,Personal-Email,yes,DENIED,2,4,2,45,1,20000000,1,1,1,1,1,3,1,0.03520682800023389,Fraudulent
017e6c91-1f30-ceb8-a6e3-2327f270f4d1,2,missing,complete,2022-01-20,Personal-Email,no,DENIED,1,20,16,4,1,17900000,1,1,1,1,2,3,1,0.011195799482985658,Fraudulent
017eb0c1-f781-786d-db6c-1e37fa8197eb,2,missing,complete,2022-03-02,Personal-Email,no,UNKNOWN,3,2,1,26,1,20000000,1,1,1,1,2,2,1,0.014248993742589033,Fraudulent
0180b250-7998-9870-79a1-326f7c98144a,missing,ecommerce,complete,2022-09-02,No-Email,no,UNKNOWN,9,2,21,26,2,6014231,3,2,1,2,2,2,1,0.015518496546177651,Fraudulent
017f230a-c597-d6cb-a846-75dcc2e9ef89,2,missing,complete,2022-02-22,Personal-Email,no,DENIED,2,22,20,50,2,20000000,1,1,1,1,2,3,1,0.06505406990710527,Fraudulent
0180add8-47ea-7fcc-46e6-b6d22c7eefa6,2,missing,complete,2022-05-19,Personal-Email,yes,DENIED,5,19,14,4,1,15000000,1,1,1,1,1,3,1,0.0024522593009845828,Fraudulent
018259d3-bd9c-157b-eced-c68512a8cad9,missing,ecommerce,complete,2022-11-09,No-Email,no,UNKNOWN,11,9,18,17,2,8650000,3,2,1,2,2,2,1,0.014610129502433344,Fraudulent
017d925f-3b63-9381-0b52-28bbb0381417,2,missing,complete,2021-11-12,Personal-Email,no,DENIED,11,12,0,38,1,20000000,1,1,1,1,2,3,1,0.02938107312082794,Fraudulent
0180b250-7998-9870-79a1-326f7c98144a,missing,ecommerce,complete,2022-08-18,No-Email,no,UNKNOWN,8,18,20,36,2,5134253,3,2,1,2,2,2,1,0.0006619727941568065,Fraudulent
018259d3-bd9c-157b-eced-c68512a8cad9,missing,ecommerce,complete,2022-08-30,No-Email,no,UNKNOWN,8,30,15,39,2,11300000,3,2,1,2,2,2,1,0.024326054305080724,Fraudulent
017fb74a-ffe2-766e-2cec-52a05d5e794c,2,missing,complete,2022-03-23,Personal-Email,no,DENIED,3,23,15,54,1,20000000,1,1,1,1,2,3,1,0.009165049652268054,Fraudulent
018259d3-bd9c-157b-eced-c68512a8cad9,missing,ecommerce,complete,2022-09-02,No-Email,no,UNKNOWN,9,2,15,39,2,4100000,3,2,1,2,2,2,1,0.0034458409449265037,Fraudulent
017f7a54-da59-7e6a-f9b3-b55c951ca656,2,missing,complete,2022-03-18,Personal-Email,no,DENIED,3,18,19,12,2,14990000,1,1,1,1,2,3,1,0.05329629869652841,Fraudulent
017d37dd-e6ef-b6d8-d47f-dc0bc781ee60,2,missing,complete,2021-11-27,Personal-Email,no,DENIED,11,27,15,33,2,10000000,1,1,1,1,2,3,1,0.0012317718202796701,Fraudulent
018259d3-bd9c-157b-eced-c68512a8cad9,missing,ecommerce,complete,2022-09-07,No-Email,no,UNKNOWN,9,7,9,20,2,10800000,3,2,1,2,2,2,1,0.003100618629959806,Fraudulent
018022b6-72d8-31ec-de22-2ae1987a848f,2,missing,complete,2022-04-17,Personal-Email,no,DENIED,4,17,0,2,1,10000000,1,1,1,1,2,3,1,0.013487373885858411,Fraudulent
017fbe2e-6e69-4444-0769-bef38ec605be,2,missing,complete,2022-03-25,Personal-Email,no,DENIED,3,25,0,2,1,9990000,1,1,1,1,2,3,1,0.017242735328504843,Fraudulent
01805153-4f57-3f9f-d246-9bd972e5ae26,2,missing,complete,2022-04-22,Personal-Email,no,DENIED,4,22,13,11,1,20000000,1,1,1,1,2,3,1,0.01427185304134071,Fraudulent
018246a2-e410-4575-da03-5d0737d3ba09,missing,ecommerce,complete,2022-12-09,No-Email,no,UNKNOWN,12,9,1,29,2,90000,3,2,1,2,2,2,1,0.011228577967108633,Fraudulent
018259d3-bd9c-157b-eced-c68512a8cad9,missing,ecommerce,complete,2022-09-13,No-Email,no,UNKNOWN,9,13,10,47,3,5050000,3,2,1,2,2,2,1,0.009241336023148694,Fraudulent
018259d3-bd9c-157b-eced-c68512a8cad9,missing,ecommerce,complete,2022-08-29,No-Email,no,UNKNOWN,8,29,22,18,3,200200,3,2,1,2,2,2,1,1.1895048842913702e-05,Fraudulent
018259d3-bd9c-157b-eced-c68512a8cad9,missing,ecommerce,complete,2022-08-09,No-Email,no,UNKNOWN,8,9,13,57,3,4300000,3,2,1,2,2,2,1,0.009525651121029766,Fraudulent
017f4f10-e5cf-4a2e-9ac5-a6a523e071ab,2,missing,complete,2022-03-03,Personal-Email,no,DENIED,3,3,10,13,1,20000000,1,1,1,1,2,3,1,0.031144562237476858,Fraudulent
017f20d9-9d85-0eff-979e-b1a753021953,2,missing,complete,2022-02-22,Personal-Email,yes,DENIED,2,22,10,3,1,20000000,1,1,1,1,1,3,1,0.03396324876501711,Fraudulent
0182a244-1614-7ab4-ff22-ed1380a34ad7,3,ecommerce,complete,2022-09-02,Personal-Email,no,ACCEPTED,9,2,8,3,1,29500000,2,2,1,1,2,1,1,0.021536654426255186,Fraudulent
018259d3-bd9c-157b-eced-c68512a8cad9,missing,ecommerce,complete,2022-12-09,No-Email,no,UNKNOWN,12,9,9,40,2,12200000,3,2,1,2,2,2,1,0.03251735794503219,Fraudulent
018259d3-bd9c-157b-eced-c68512a8cad9,missing,ecommerce,complete,2022-12-09,No-Email,no,UNKNOWN,12,9,18,52,2,19000100,3,2,1,2,2,2,1,0.05005845659007657,Fraudulent
018279d5-0c40-8a07-068e-1dd5508daad1,3,ecommerce,complete,2022-08-31,Personal-Email,no,ACCEPTED,8,31,18,17,2,10000000,2,2,1,1,2,1,1,0.029241561486981982,Fraudulent
018259d3-bd9c-157b-eced-c68512a8cad9,missing,ecommerce,complete,2022-09-03,No-Email,no,UNKNOWN,9,3,13,29,2,8600000,3,2,1,2,2,2,1,0.007490345666131271,Fraudulent
018259d3-bd9c-157b-eced-c68512a8cad9,missing,ecommerce,complete,2022-09-01,No-Email,no,UNKNOWN,9,1,7,10,2,12791000,3,2,1,2,2,2,1,0.03855737129845915,Fraudulent
018259d3-bd9c-157b-eced-c68512a8cad9,missing,ecommerce,complete,2022-09-13,No-Email,no,UNKNOWN,9,13,9,24,2,11000000,3,2,1,2,2,2,1,0.0046038916731536705,Fraudulent
018259d3-bd9c-157b-eced-c68512a8cad9,missing,ecommerce,complete,2022-10-09,No-Email,no,UNKNOWN,10,9,9,46,3,2850000,3,2,1,2,2,2,1,0.0006743082024452951,Fraudulent
017fe1a5-b28c-46f8-582a-63181b639dae,2,missing,complete,2022-01-04,Personal-Email,yes,DENIED,1,4,1,22,1,20000000,1,1,1,1,1,3,1,0.052426314338946955,Fraudulent
017f0729-ff1d-de78-fed8-1772a8a42bd8,2,missing,complete,2022-02-17,Personal-Email,yes,DENIED,2,17,11,15,1,20000000,1,1,1,1,1,3,1,0.02160482551415932,Fraudulent
017fb601-db06-58c1-738e-0b9c04b51e53,2,missing,complete,2022-03-25,Personal-Email,yes,DENIED,3,25,0,1,1,10000000,1,1,1,1,1,3,1,0.036888910743938075,Fraudulent
017f750e-a65f-38ab-b3de-5df39a98b404,2,missing,complete,2022-10-03,Personal-Email,no,DENIED,10,3,18,32,2,10000000,1,1,1,1,2,3,1,0.03125990832245307,Fraudulent
017fc796-8518-f9dd-ec91-d53666d43446,2,missing,complete,2022-03-27,Personal-Email,no,DENIED,3,27,0,18,1,20000000,1,1,1,1,2,3,1,0.04275655191891581,Fraudulent
0180b250-7989-6a18-dbeb-0e2b86e9baa2,missing,missing,complete,2022-08-16,No-Email,no,UNKNOWN,8,16,13,6,1,1526184278,3,1,1,2,2,2,1,0.013197983201494679,Fraudulent
018122b2-1038-e357-b2fd-6362f814b9a3,2,missing,complete,2022-02-06,Personal-Email,no,ACCEPTED,2,6,4,47,2,11890000,1,1,1,1,2,1,1,0.020741146058837256,Fraudulent
0180b250-7998-9870-79a1-326f7c98144a,missing,ecommerce,complete,2022-09-01,No-Email,no,UNKNOWN,9,1,13,4,3,3396274,3,2,1,2,2,2,1,0.0010620830518321966,Fraudulent
0180b250-7998-9870-79a1-326f7c98144a,missing,ecommerce,complete,2022-08-17,No-Email,no,UNKNOWN,8,17,10,41,2,6652469,3,2,1,2,2,2,1,0.0018737151342529401,Fraudulent
017f319b-a6a5-2859-346f-e2b280c8b297,2,missing,complete,2022-03-27,Personal-Email,no,DENIED,3,27,7,12,1,20000000,1,1,1,1,2,3,1,0.02293491567542716,Fraudulent
018259d3-bd9c-157b-eced-c68512a8cad9,missing,ecommerce,complete,2022-09-02,No-Email,no,UNKNOWN,9,2,12,23,2,10100000,3,2,1,2,2,2,1,0.01481762460736713,Fraudulent
018259d3-bd9c-157b-eced-c68512a8cad9,missing,ecommerce,complete,2022-09-02,No-Email,no,UNKNOWN,9,2,5,51,2,6450900,3,2,1,2,2,2,1,0.04660879800874129,Fraudulent
0182b66f-5107-8b7b-4d23-9b6e299f4eb6,3,ecommerce,complete,2022-10-09,Personal-Email,no,ACCEPTED,10,9,7,7,1,50000000,2,2,1,1,2,1,1,0.0179574701832238,Fraudulent
01803c8f-7e43-4767-8808-2bd636954f0f,2,missing,complete,2022-04-18,Personal-Email,no,DENIED,4,18,23,21,1,20000000,1,1,1,1,2,3,1,0.022410145265018833,Fraudulent
018029cc-2090-7d0f-727f-9aa5a919cad5,2,missing,complete,2022-04-16,Personal-Email,no,DENIED,4,16,0,21,2,10000000,1,1,1,1,2,3,1,0.043438595927576706,Fraudulent
017ead33-cf52-a4a1-59ab-ffcdfca4debb,2,missing,complete,2022-02-13,Personal-Email,yes,ACCEPTED,2,13,0,9,1,20000000,1,1,1,1,1,1,1,0.003539479922559763,Fraudulent
018259d3-bd9c-157b-eced-c68512a8cad9,missing,ecommerce,complete,2022-09-05,No-Email,no,UNKNOWN,9,5,12,21,2,12500000,3,2,1,2,2,2,1,0.011317174210839775,Fraudulent
017ea6dd-32eb-2979-baf1-bd6d7feb30ac,2,missing,complete,2022-01-29,Personal-Email,yes,ACCEPTED,1,29,18,6,2,20000000,1,1,1,1,1,1,1,0.05491698963685021,Fraudulent
017f413a-3de2-9827-3e6d-aba8bdae4bed,2,missing,complete,2022-03-18,Personal-Email,yes,DENIED,3,18,21,18,1,18000000,1,1,1,1,1,3,1,0.01956645665903578,Fraudulent
017eaf76-a159-08b5-5dfc-cd93582efa10,2,missing,complete,2022-01-31,Personal-Email,yes,DENIED,1,31,9,45,2,10000000,1,1,1,1,1,3,1,0.047053599545211267,Fraudulent
0182a244-1614-7ab4-ff22-ed1380a34ad7,3,ecommerce,complete,2022-08-29,Personal-Email,no,ACCEPTED,8,29,23,0,1,20000000,2,2,1,1,2,1,1,0.03174261306222759,Fraudulent
018259d3-bd9c-157b-eced-c68512a8cad9,missing,ecommerce,complete,2022-09-09,No-Email,no,UNKNOWN,9,9,0,25,1,20000000,3,2,1,2,2,2,1,0.0010394609433901358,Fraudulent
017ebb1d-276e-e737-eebc-76c4d34b1a91,2,missing,complete,2022-03-02,Personal-Email,no,DENIED,3,2,5,59,1,17900000,1,1,1,1,2,3,1,0.03632422871504315,Fraudulent
018259d3-bd9c-157b-eced-c68512a8cad9,missing,ecommerce,complete,2022-08-09,No-Email,no,UNKNOWN,8,9,7,0,2,6540000,3,2,1,2,2,2,1,0.01625116132837956,Fraudulent
01815c46-17a0-0639-cf0f-d46edc540283,2,missing,complete,2022-06-14,Personal-Email,no,ACCEPTED,6,14,0,2,1,19950000,1,1,1,1,2,1,1,0.0004983708345708271,Fraudulent
017c702b-7817-8dde-d0d1-45254d8fdb48,2,ecommerce,complete,2022-08-29,ProfessionalEmail,yes,ACCEPTED,8,29,21,48,2,200,1,2,1,3,1,1,1,0.01930789174049452,Fraudulent
01829c5d-1e90-8a5d-3d08-417dfec192db,3,ecommerce,complete,2022-08-27,Personal-Email,no,ACCEPTED,8,27,20,4,3,600000,2,2,1,1,2,1,1,0.0009003969615014595,Fraudulent
018259d3-bd9c-157b-eced-c68512a8cad9,missing,ecommerce,complete,2022-08-27,No-Email,no,UNKNOWN,8,27,7,54,2,2700000,3,2,1,2,2,2,1,0.015393159257010125,Fraudulent
017ee99f-a995-6d93-f369-9871b9c87ca3,2,missing,complete,2022-02-24,Personal-Email,yes,DENIED,2,24,6,39,1,10100000,1,1,1,1,1,3,1,0.0009217316151376442,Fraudulent
017f171f-0e8b-b3f8-aed0-0d1337ee33af,2,missing,complete,2022-02-20,Personal-Email,yes,DENIED,2,20,14,1,1,20000000,1,1,1,1,1,3,1,0.03497892919837153,Fraudulent
018259d3-bd9c-157b-eced-c68512a8cad9,missing,ecommerce,complete,2022-09-05,No-Email,no,UNKNOWN,9,5,14,19,2,16200000,3,2,1,2,2,2,1,0.018498993690056365,Fraudulent
017e90bf-e929-ff45-f146-707d1474cbae,2,missing,complete,2022-01-29,Personal-Email,no,DENIED,1,29,5,51,1,10000000,1,1,1,1,2,3,1,0.0017160755065556144,Fraudulent
017d925f-3b63-9381-0b52-28bbb0381417,2,missing,complete,2021-12-16,Personal-Email,no,DENIED,12,16,0,5,1,20000000,1,1,1,1,2,3,1,0.04872039097595127,Fraudulent
018022b6-72d8-31ec-de22-2ae1987a848f,2,missing,complete,2022-04-16,Personal-Email,no,DENIED,4,16,0,7,1,20000000,1,1,1,1,2,3,1,0.05161627511355138,Fraudulent
018004a0-97dc-d1f7-74b6-492621aed465,2,missing,complete,2022-07-04,Personal-Email,yes,DENIED,7,4,17,13,1,20000000,1,1,1,1,1,3,1,0.02634397331385263,Fraudulent
017fb601-db06-58c1-738e-0b9c04b51e53,2,missing,complete,2022-03-23,Personal-Email,yes,DENIED,3,23,9,16,1,20000000,1,1,1,1,1,3,1,0.029637394747369816,Fraudulent
017d31f7-13cd-eca7-a9c5-2dc4529c0c4a,2,missing,complete,2021-11-30,Personal-Email,no,DENIED,11,30,6,46,2,10000000,1,1,1,1,2,3,1,0.035648807261333904,Fraudulent
017fc100-3cff-be41-d056-f7b14ced8f4d,2,missing,complete,2022-03-25,Personal-Email,no,DENIED,3,25,13,41,1,20000000,1,1,1,1,2,3,1,0.0020003758080886502,Fraudulent
018022b6-72d8-31ec-de22-2ae1987a848f,2,missing,complete,2022-04-13,Personal-Email,no,DENIED,4,13,11,57,1,20000000,1,1,1,1,2,3,1,0.011575095848658012,Fraudulent
01805169-efd7-3970-64f1-04f5be635832,2,missing,complete,2022-04-23,Personal-Email,yes,ACCEPTED,4,23,0,2,2,10000000,1,1,1,1,1,1,1,0.04032852614299942,Fraudulent
017d925f-3b63-9381-0b52-28bbb0381417,2,missing,complete,2021-12-19,Personal-Email,no,DENIED,12,19,0,36,1,20000000,1,1,1,1,2,3,1,0.03960033969318244,Fraudulent
018259d3-bd9c-157b-eced-c68512a8cad9,missing,ecommerce,complete,2022-08-31,No-Email,no,UNKNOWN,8,31,2,7,1,10000000,3,2,1,2,2,2,1,0.01779827023093472,Fraudulent
018259d3-bd9c-157b-eced-c68512a8cad9,missing,ecommerce,complete,2022-09-07,No-Email,no,UNKNOWN,9,7,15,20,2,11000000,3,2,1,2,2,2,1,0.005327144050239041,Fraudulent
0180d18c-7523-8749-7d2c-e1c5ef16976d,2,missing,complete,2022-05-17,Personal-Email,no,DENIED,5,17,11,21,1,19800000,1,1,1,1,2,3,1,0.003034480317297472,Fraudulent
0180cc68-cb2b-c0c6-53f7-7d3cc511fddd,2,missing,complete,2022-05-16,Personal-Email,no,DENIED,5,16,11,21,1,20000000,1,1,1,1,2,3,1,0.004121513894662643,Fraudulent
0180b37d-242c-3cda-e03b-a99156e6824c,2,missing,complete,2022-11-05,Personal-Email,yes,DENIED,11,5,16,17,1,20000000,1,1,1,1,1,3,1,0.02543715758402565,Fraudulent
017efc8d-8fe4-b582-cddf-1abeb1013e9e,2,missing,complete,2022-02-18,Personal-Email,no,DENIED,2,18,6,53,1,15600000,1,1,1,1,2,3,1,0.012914074479040472,Fraudulent
017f2a9a-370c-a880-e024-fe2df3e7a3d2,2,missing,complete,2022-03-26,Personal-Email,no,DENIED,3,26,19,22,2,11590000,1,1,1,1,2,3,1,0.02683056665950978,Fraudulent
018259d3-bd9c-157b-eced-c68512a8cad9,missing,ecommerce,complete,2022-08-30,No-Email,no,UNKNOWN,8,30,8,10,3,6500000,3,2,1,2,2,2,1,0.02344915189126251,Fraudulent
017ccf21-d07b-7594-f9a7-f84dabe8cb31,2,missing,complete,2022-01-16,ProfessionalEmail,yes,ACCEPTED,1,16,14,35,1,20000000,1,1,1,3,1,1,1,0.012427533828203274,Fraudulent
017fc737-316f-b56b-4921-077db52e7fd2,2,missing,complete,2022-03-27,Personal-Email,no,DENIED,3,27,0,9,2,20000000,1,1,1,1,2,3,1,0.08573421754765231,Fraudulent
0180601e-db62-9bd1-02fc-605b92113da6,2,missing,complete,2022-04-27,Personal-Email,yes,DENIED,4,27,6,57,1,10000000,1,1,1,1,1,3,1,0.0035958055560921798,Fraudulent
017ede80-cb71-1a5e-f162-870dcacbd32a,2,missing,complete,2022-12-02,Personal-Email,no,ACCEPTED,12,2,20,14,3,15000000,1,1,1,1,2,1,1,0.022108761960067502,Fraudulent
017fb719-44bd-658c-9993-cf47166f1486,2,missing,complete,2022-03-23,Personal-Email,yes,DENIED,3,23,15,21,1,20000000,1,1,1,1,1,3,1,0.012418406612036526,Fraudulent
017c4add-924f-917b-e815-f775fa4312b1,missing,missing,complete,2022-06-29,No-Email,no,UNKNOWN,6,29,6,23,1,15000000,3,1,1,2,2,2,1,0.023113815130474946,Fraudulent
018259d3-bd9c-157b-eced-c68512a8cad9,missing,ecommerce,complete,2022-08-30,No-Email,no,UNKNOWN,8,30,12,0,2,3050000,3,2,1,2,2,2,1,0.002065685053964872,Fraudulent
018259d3-bd9c-157b-eced-c68512a8cad9,missing,ecommerce,complete,2022-08-31,No-Email,no,UNKNOWN,8,31,10,26,2,4100000,3,2,1,2,2,2,1,0.0021561757421056926,Fraudulent
017c702b-7817-8dde-d0d1-45254d8fdb48,2,ecommerce,complete,2022-08-29,ProfessionalEmail,yes,ACCEPTED,8,29,21,40,2,400,1,2,1,3,1,1,1,0.018404208827724977,Fraudulent
0183341d-221d-45b1-642b-1177d4d2fde5,2,ecommerce,complete,2022-09-13,ProfessionalEmail,no,ACCEPTED,9,13,13,57,2,7400000,1,2,1,3,2,1,1,0.023452646739372307,Fraudulent
017c4b37-003c-6b45-90b3-6c71855a3da3,missing,missing,complete,2022-07-25,No-Email,no,UNKNOWN,7,25,13,16,1,400000000,3,1,1,2,2,2,1,0.03186418489778542,Fraudulent
018259d3-bd9c-157b-eced-c68512a8cad9,missing,ecommerce,complete,2022-09-13,No-Email,no,UNKNOWN,9,13,16,51,2,20320000,3,2,1,2,2,2,1,0.03917787894542046,Fraudulent
0180b27c-76c4-c428-d82b-f0801935b215,2,missing,complete,2022-11-05,Personal-Email,no,DENIED,11,5,9,51,1,19900000,1,1,1,1,2,3,1,0.006511779727978895,Fraudulent
018259d3-bd9c-157b-eced-c68512a8cad9,missing,ecommerce,complete,2022-08-31,No-Email,no,UNKNOWN,8,31,2,6,1,10000000,3,2,1,2,2,2,1,0.01932906927381628,Fraudulent
017eddc6-42ef-d544-11da-1c3ad7833b19,2,missing,complete,2022-12-02,Personal-Email,no,DENIED,12,2,11,11,1,18200000,1,1,1,1,2,3,1,0.01761302798234443,Fraudulent
017f1d9c-b05f-4f54-1c2c-a2f18e8e9ad9,2,missing,complete,2022-02-21,Personal-Email,yes,DENIED,2,21,19,37,1,20000000,1,1,1,1,1,3,1,0.014575420192979971,Fraudulent
018259d3-bd9c-157b-eced-c68512a8cad9,missing,ecommerce,complete,2022-12-09,No-Email,no,UNKNOWN,12,9,16,4,4,7400000,3,2,1,2,2,2,1,0.029220260257668662,Fraudulent
018259d3-bd9c-157b-eced-c68512a8cad9,missing,ecommerce,complete,2022-09-13,No-Email,no,UNKNOWN,9,13,11,17,2,9890000,3,2,1,2,2,2,1,0.004223875799162502,Fraudulent
017cb697-74bf-92f4-75f7-da136db15ba1,missing,refund,complete,2021-01-11,No-Email,no,UNKNOWN,1,11,16,12,1,15000000,3,4,1,2,2,2,1,0.0038747362708538846,Fraudulent
017c4add-924f-917b-e815-f775fa4312b1,missing,missing,complete,2022-06-07,No-Email,no,UNKNOWN,6,7,16,0,1,15000000,3,1,1,2,2,2,1,0.003922027678607276,Fraudulent
017ef3cf-992b-4e1e-651c-004cfa98482c,2,missing,complete,2022-02-18,Personal-Email,no,DENIED,2,18,4,57,1,20000000,1,1,1,1,2,3,1,0.030449106854071428,Fraudulent
018259d3-bd9c-157b-eced-c68512a8cad9,missing,ecommerce,complete,2022-09-07,No-Email,no,UNKNOWN,9,7,11,57,2,6600000,3,2,1,2,2,2,1,0.010029718244722097,Fraudulent
018259d3-bd9c-157b-eced-c68512a8cad9,missing,ecommerce,complete,2022-09-03,No-Email,no,UNKNOWN,9,3,18,38,2,4500000,3,2,1,2,2,2,1,0.003562944961051029,Fraudulent
018259d3-bd9c-157b-eced-c68512a8cad9,missing,ecommerce,complete,2022-08-31,No-Email,no,UNKNOWN,8,31,17,11,2,7800000,3,2,1,2,2,2,1,0.01849255568914976,Fraudulent
0182a1b0-314a-75a0-73f8-a07017749e1b,3,ecommerce,complete,2022-08-30,Personal-Email,no,ACCEPTED,8,30,1,13,1,10000000,2,2,1,1,2,1,1,0.0203825862025776,Fraudulent
01823989-d289-20ed-75e2-5876a91da948,2,missing,complete,2022-05-08,Personal-Email,no,DENIED,5,8,2,3,1,10000000,1,1,1,1,2,3,1,0.006969950743410225,Fraudulent
017ec192-ad5d-fccd-09d9-7d5a79a90b1e,2,missing,complete,2022-03-02,Personal-Email,no,DENIED,3,2,22,47,1,20000000,1,1,1,1,2,3,1,0.03533577277019195,Fraudulent
017d925f-3b63-9381-0b52-28bbb0381417,2,missing,complete,2021-12-20,Personal-Email,no,DENIED,12,20,0,20,1,20000000,1,1,1,1,2,3,1,0.04528834635811141,Fraudulent
018259d3-bd9c-157b-eced-c68512a8cad9,missing,ecommerce,complete,2022-08-09,No-Email,no,UNKNOWN,8,9,13,8,2,9000000,3,2,1,2,2,2,1,0.004827955614268742,Fraudulent
017fb601-db06-58c1-738e-0b9c04b51e53,2,missing,complete,2022-03-24,Personal-Email,yes,DENIED,3,24,0,30,1,20000000,1,1,1,1,1,3,1,0.041230634467788074,Fraudulent
017f268c-d46e-c39f-daf8-bf41cccbe570,2,missing,complete,2022-06-03,Personal-Email,no,DENIED,6,3,3,23,2,20000000,1,1,1,1,2,3,1,0.07644650188406499,Fraudulent
017ec1b2-7c43-d594-541b-00d6b814ee57,2,missing,complete,2022-04-02,Personal-Email,no,ACCEPTED,4,2,0,9,2,10900000,1,1,1,1,2,1,1,0.019949706544618917,Fraudulent
018259d3-bd9c-157b-eced-c68512a8cad9,missing,ecommerce,complete,2022-09-09,No-Email,no,UNKNOWN,9,9,15,53,2,11500000,3,2,1,2,2,2,1,0.017064920692226093,Fraudulent
018259d3-bd9c-157b-eced-c68512a8cad9,missing,ecommerce,complete,2022-09-02,No-Email,no,UNKNOWN,9,2,10,49,2,6600000,3,2,1,2,2,2,1,0.013121307510578939,Fraudulent
017f7a60-b74c-8548-fc6f-49c377f816c6,2,missing,complete,2022-11-03,Personal-Email,no,DENIED,11,3,20,4,1,19890000,1,1,1,1,2,3,1,0.04491221972057968,Fraudulent
017fe048-dbdd-9757-96e1-842305e54d17,2,missing,complete,2022-02-04,Personal-Email,yes,DENIED,2,4,0,1,1,20000000,1,1,1,1,1,3,1,0.06537793498575384,Fraudulent
018259d3-bd9c-157b-eced-c68512a8cad9,missing,ecommerce,complete,2022-09-13,No-Email,no,UNKNOWN,9,13,16,53,2,10001000,3,2,1,2,2,2,1,0.01410465718016951,Fraudulent
018022b6-72d8-31ec-de22-2ae1987a848f,2,missing,complete,2022-04-15,Personal-Email,no,DENIED,4,15,0,41,1,20000000,1,1,1,1,2,3,1,0.040186036330908004,Fraudulent
0182a244-1614-7ab4-ff22-ed1380a34ad7,3,ecommerce,complete,2022-08-29,Personal-Email,no,ACCEPTED,8,29,22,59,1,20000000,2,2,1,1,2,1,1,0.03275895261713324,Fraudulent
018259d3-bd9c-157b-eced-c68512a8cad9,missing,ecommerce,complete,2022-11-09,No-Email,no,UNKNOWN,11,9,21,41,2,3100000,3,2,1,2,2,2,1,0.008744563375319925,Fraudulent
017f5b97-fe9f-57c7-fce6-f30c87ec96ff,2,missing,complete,2022-03-25,Personal-Email,no,DENIED,3,25,9,28,2,14790000,1,1,1,1,2,3,1,0.02746330003422115,Fraudulent
017fbbf1-616c-a72e-0dad-aa83af07e4d5,2,missing,complete,2022-03-25,Personal-Email,no,DENIED,3,25,6,54,1,18000000,1,1,1,1,2,3,1,0.015301100582947313,Fraudulent
017fd15f-5d2f-f988-6564-ac4f5003a9be,2,missing,complete,2022-03-29,Personal-Email,yes,ACCEPTED,3,29,0,12,2,10000000,1,1,1,1,1,1,1,0.042432777695343926,Fraudulent
017fbd30-d245-69df-21e1-9e0ccab7cc54,2,missing,complete,2022-03-25,Personal-Email,no,DENIED,3,25,22,47,1,15000000,1,1,1,1,2,3,1,0.00575252830120665,Fraudulent
018259d3-bd9c-157b-eced-c68512a8cad9,missing,ecommerce,complete,2022-12-09,No-Email,no,UNKNOWN,12,9,9,45,2,7800000,3,2,1,2,2,2,1,0.016271356035735707,Fraudulent
018259d3-bd9c-157b-eced-c68512a8cad9,missing,ecommerce,complete,2022-08-09,No-Email,no,UNKNOWN,8,9,10,11,2,20250000,3,2,1,2,2,2,1,0.03597632954006802,Fraudulent
017e8339-2b7a-557c-d265-b24437c0faa2,2,missing,complete,2022-01-28,Personal-Email,no,DENIED,1,28,1,56,1,10000000,1,1,1,1,2,3,1,0.011248741340819435,Fraudulent
017da81b-4c01-0a04-a74c-4f34d7fb4d8d,2,missing,complete,2022-01-30,Personal-Email,no,DENIED,1,30,7,55,1,20000000,1,1,1,1,2,3,1,0.0218455040828186,Fraudulent
017fe048-dbdd-9757-96e1-842305e54d17,2,missing,complete,2022-01-04,Personal-Email,yes,DENIED,1,4,0,1,2,20000000,1,1,1,1,1,3,1,0.10599199845800034,Fraudulent
0180b250-7998-9870-79a1-326f7c98144a,missing,ecommerce,complete,2022-12-09,No-Email,no,UNKNOWN,12,9,20,48,2,3551063,3,2,1,2,2,2,1,0.011079885072227125,Fraudulent
0182b66f-5107-8b7b-4d23-9b6e299f4eb6,3,ecommerce,complete,2022-12-09,Personal-Email,no,ACCEPTED,12,9,5,19,1,50000000,2,2,1,1,2,1,1,0.019061233052130033,Fraudulent
017fe655-957b-4315-3668-9aaa946d7d8e,2,missing,complete,2022-04-04,Personal-Email,no,DENIED,4,4,1,50,1,10000000,1,1,1,1,2,3,1,0.008386341942339892,Fraudulent
017d925f-3b63-9381-0b52-28bbb0381417,2,missing,complete,2021-12-15,Personal-Email,no,DENIED,12,15,0,3,1,20000000,1,1,1,1,2,3,1,0.05222918060641801,Fraudulent
017ef3cf-992b-4e1e-651c-004cfa98482c,2,missing,complete,2022-02-17,Personal-Email,no,DENIED,2,17,9,45,1,20000000,1,1,1,1,2,3,1,0.006726091320969685,Fraudulent
017fe1e0-cd6f-a65e-d5ab-f75badd07e04,2,missing,complete,2022-01-04,Personal-Email,yes,DENIED,1,4,7,35,1,20000000,1,1,1,1,1,3,1,0.03459015554863443,Fraudulent
017fc4d9-c73a-0c9b-09a7-b78792c071e9,2,missing,complete,2022-02-04,Personal-Email,yes,DENIED,2,4,1,40,1,20000000,1,1,1,1,1,3,1,0.04228917143203703,Fraudulent
018259d3-bd9c-157b-eced-c68512a8cad9,missing,ecommerce,complete,2022-08-30,No-Email,no,UNKNOWN,8,30,5,19,2,1000001,3,2,1,2,2,2,1,0.0032343263805481026,Fraudulent
0180f0c5-fa0e-5eb7-b8e8-544ac124b787,2,missing,complete,2022-05-23,Personal-Email,no,DENIED,5,23,12,6,1,20000000,1,1,1,1,2,3,1,0.0179590723159897,Fraudulent
0180c432-e570-7cb3-09e2-6edffe9c8666,2,missing,complete,2022-05-14,Personal-Email,no,DENIED,5,14,20,40,1,20000000,1,1,1,1,2,3,1,0.0054345882245393495,Fraudulent
017f7e36-e8f9-311b-2843-42d0c6d4088b,2,missing,complete,2022-03-13,Personal-Email,no,DENIED,3,13,2,7,1,20000000,1,1,1,1,2,3,1,0.04545883022081354,Fraudulent
017e8e1d-bec6-2b9d-e4bc-2ed2e681a38b,2,missing,complete,2022-01-28,Personal-Email,no,DENIED,1,28,1,47,1,10000000,1,1,1,1,2,3,1,0.009746752046057572,Fraudulent
017fe048-dbdd-9757-96e1-842305e54d17,2,missing,complete,2022-04-04,Personal-Email,yes,DENIED,4,4,0,20,1,10000000,1,1,1,1,1,3,1,0.017056722444498185,Fraudulent
018259d3-bd9c-157b-eced-c68512a8cad9,missing,ecommerce,complete,2022-09-13,No-Email,no,UNKNOWN,9,13,15,50,3,10015000,3,2,1,2,2,2,1,0.02244192092502062,Fraudulent
017eb45e-0082-7295-9332-acc62c1407ff,2,missing,complete,2022-01-02,Personal-Email,yes,DENIED,1,2,9,3,1,20000000,1,1,1,1,1,3,1,0.04999329516362239,Fraudulent
018259d3-bd9c-157b-eced-c68512a8cad9,missing,ecommerce,complete,2022-12-09,No-Email,no,UNKNOWN,12,9,19,47,2,2550000,3,2,1,2,2,2,1,0.0007760861571609601,Fraudulent
018259d3-bd9c-157b-eced-c68512a8cad9,missing,ecommerce,complete,2022-09-13,No-Email,no,UNKNOWN,9,13,13,57,3,7402000,3,2,1,2,2,2,1,0.023232682467939525,Fraudulent
017f7a54-da59-7e6a-f9b3-b55c951ca656,2,missing,complete,2022-11-03,Personal-Email,no,DENIED,11,3,19,36,1,20000000,1,1,1,1,2,3,1,0.019419976755025714,Fraudulent
017e8cba-6767-f061-2473-c60a4afe0277,2,missing,complete,2022-01-24,Personal-Email,no,DENIED,1,24,16,14,1,19900000,1,1,1,1,2,3,1,0.01716819645586043,Fraudulent
018259d3-bd9c-157b-eced-c68512a8cad9,missing,ecommerce,complete,2022-08-29,No-Email,no,UNKNOWN,8,29,4,41,2,71600,3,2,1,2,2,2,1,0.008365812497372449,Fraudulent
018259d3-bd9c-157b-eced-c68512a8cad9,missing,ecommerce,complete,2022-08-31,No-Email,no,UNKNOWN,8,31,23,56,2,1090000,3,2,1,2,2,2,1,0.016722749802450032,Fraudulent
018259d3-bd9c-157b-eced-c68512a8cad9,missing,ecommerce,complete,2022-08-29,No-Email,no,UNKNOWN,8,29,3,17,1,14200000,3,2,1,2,2,2,1,0.006853445078596088,Fraudulent
018259d3-bd9c-157b-eced-c68512a8cad9,missing,ecommerce,complete,2022-08-28,No-Email,no,UNKNOWN,8,28,22,53,2,510000,3,2,1,2,2,2,1,0.00698099518464379,Fraudulent
018259d3-bd9c-157b-eced-c68512a8cad9,missing,ecommerce,complete,2022-10-09,No-Email,no,UNKNOWN,10,9,5,53,2,1200000,3,2,1,2,2,2,1,0.00830448813822382,Fraudulent
017e2f21-ada6-9679-8e90-bd046fb239b8,2,ecommerce,complete,2022-09-01,ProfessionalEmail,yes,ACCEPTED,9,1,14,1,1,10500000,1,2,1,3,1,1,1,0.010947154971111983,Fraudulent
018259d3-bd9c-157b-eced-c68512a8cad9,missing,ecommerce,complete,2022-09-03,No-Email,no,UNKNOWN,9,3,12,39,3,7000000,3,2,1,2,2,2,1,0.02182652824053999,Fraudulent
018139ed-f4c6-6b7c-be0b-a3bbb04a672e,2,missing,complete,2022-06-06,Personal-Email,no,DENIED,6,6,22,42,1,20000000,1,1,1,1,2,3,1,0.017012669962498173,Fraudulent
017eb5a0-c1ee-b1a4-3918-1b4c9eb9f2af,2,missing,complete,2022-02-02,Personal-Email,no,ACCEPTED,2,2,6,8,2,10000000,1,1,1,1,2,1,1,0.00740294069665115,Fraudulent
018259d3-bd9c-157b-eced-c68512a8cad9,missing,ecommerce,complete,2022-10-09,No-Email,no,UNKNOWN,10,9,7,7,2,50500000,3,2,1,2,2,2,1,0.05162712511963419,Fraudulent
01823989-d289-20ed-75e2-5876a91da948,2,missing,complete,2022-08-06,Personal-Email,no,DENIED,8,6,0,26,1,10000000,1,1,1,1,2,3,1,0.002196850902820846,Fraudulent
01829c6f-9ea6-541a-1532-26c6efe91284,3,ecommerce,complete,2022-08-27,Personal-Email,no,ACCEPTED,8,27,18,12,1,19800000,2,2,1,1,2,1,1,0.010187887908679638,Fraudulent
018259d3-bd9c-157b-eced-c68512a8cad9,missing,ecommerce,complete,2022-12-09,No-Email,no,UNKNOWN,12,9,6,6,2,1200000,3,2,1,2,2,2,1,0.0003164696589910143,Fraudulent
018259d3-bd9c-157b-eced-c68512a8cad9,missing,ecommerce,complete,2022-08-30,No-Email,no,UNKNOWN,8,30,1,0,1,10000000,3,2,1,2,2,2,1,0.02111643703241639,Fraudulent
0182ba7c-b4a7-826e-9322-c219eac53bb5,2,missing,complete,2022-08-23,Personal-Email,no,DENIED,8,23,20,39,2,9800000,1,1,1,1,2,3,1,0.006263230024457167,Fraudulent
017fd41b-9701-0230-8cef-5cd9b8cf07fb,2,missing,complete,2022-03-30,Personal-Email,yes,DENIED,3,30,6,28,1,20000000,1,1,1,1,1,3,1,0.0377890716871051,Fraudulent
01809f5c-d1c3-9973-6b4e-d06b526b6d80,2,missing,complete,2022-07-05,Personal-Email,yes,DENIED,7,5,16,49,1,20000000,1,1,1,1,1,3,1,0.010219080563542038,Fraudulent
0180a3f2-423e-aa1b-c97e-d00a880e2447,2,missing,complete,2022-08-05,Personal-Email,yes,DENIED,8,5,14,13,2,20000000,1,1,1,1,1,3,1,0.07932304974505566,Fraudulent
0180d6a2-82f1-4757-f805-87d6cfbfe076,2,missing,complete,2022-05-18,Personal-Email,yes,DENIED,5,18,14,1,1,13485000,1,1,1,1,1,3,1,0.013488276728804705,Fraudulent
017fe048-dbdd-9757-96e1-842305e54d17,2,missing,complete,2022-03-04,Personal-Email,yes,DENIED,3,4,5,5,1,20000000,1,1,1,1,1,3,1,0.052026436407086374,Fraudulent
017c4add-924f-917b-e815-f775fa4312b1,missing,missing,complete,2022-07-14,No-Email,no,UNKNOWN,7,14,6,42,1,15000000,3,1,1,2,2,2,1,0.0003231526810645313,Fraudulent
017e679d-c603-21b8-2ca5-c582cf630e7c,2,missing,complete,2022-01-28,Personal-Email,no,DENIED,1,28,19,59,2,10000000,1,1,1,1,2,3,1,0.03911817741917101,Fraudulent
0180b250-7998-9870-79a1-326f7c98144a,missing,ecommerce,complete,2022-02-08,No-Email,no,UNKNOWN,2,8,15,3,2,685744,3,2,1,2,2,2,1,0.005590618205029152,Fraudulent
0180b863-5a3b-6a89-f971-2611fec0bdb1,2,missing,complete,2022-12-05,Personal-Email,no,DENIED,12,5,13,19,1,20000000,1,1,1,1,2,3,1,0.013635949217034149,Fraudulent
01831439-f1ae-44e6-6536-a17125ec4a84,2,missing,complete,2022-09-06,Personal-Email,no,DENIED,9,6,21,37,1,20000000,1,1,1,1,2,3,1,0.0082078395370776,Fraudulent
0180b250-7998-9870-79a1-326f7c98144a,missing,ecommerce,complete,2022-01-06,No-Email,no,UNKNOWN,1,6,17,26,2,1182250,3,2,1,2,2,2,1,0.01340869061412242,Fraudulent
0182a1b0-314a-75a0-73f8-a07017749e1b,3,ecommerce,complete,2022-08-30,Personal-Email,no,ACCEPTED,8,30,1,14,1,10000000,2,2,1,1,2,1,1,0.021407489189050444,Fraudulent
017e6074-0898-e013-f7ec-59564c551cc3,2,missing,complete,2022-01-19,Personal-Email,no,DENIED,1,19,6,37,1,19900000,1,1,1,1,2,3,1,0.025948183557754412,Fraudulent
018259d3-bd9c-157b-eced-c68512a8cad9,missing,ecommerce,complete,2022-09-09,No-Email,no,UNKNOWN,9,9,12,3,2,28000000,3,2,1,2,2,2,1,0.03980880976150847,Fraudulent
0182bd71-eb53-5c48-1b7b-d8d89cf3b824,2,missing,complete,2022-08-21,Personal-Email,no,DENIED,8,21,0,3,1,12000000,1,1,1,1,2,3,1,0.026639161992859983,Fraudulent
018259d3-bd9c-157b-eced-c68512a8cad9,missing,ecommerce,complete,2022-09-02,No-Email,no,UNKNOWN,9,2,12,24,2,6400000,3,2,1,2,2,2,1,0.0034540447470392532,Fraudulent
018259d3-bd9c-157b-eced-c68512a8cad9,missing,ecommerce,complete,2022-08-09,No-Email,no,UNKNOWN,8,9,12,3,2,13075000,3,2,1,2,2,2,1,0.022651444586516245,Fraudulent
01828a74-c908-023b-3535-9ed2357a0cb2,2,missing,complete,2022-08-14,Personal-Email,no,ACCEPTED,8,14,3,48,2,19950000,1,1,1,1,2,1,1,0.012126963038328276,Fraudulent
01801754-3bc1-4a2f-77b7-2c39a81be387,2,missing,complete,2022-04-13,Personal-Email,no,DENIED,4,13,7,35,1,20000000,1,1,1,1,2,3,1,0.012825159142820786,Fraudulent
017e7782-496f-ba01-3d55-0ce24d6c052f,2,missing,complete,2022-01-20,Personal-Email,yes,DENIED,1,20,16,5,1,17900000,1,1,1,1,1,3,1,0.0185341454023098,Fraudulent
017fe1a5-b28c-46f8-582a-63181b639dae,2,missing,complete,2022-03-04,Personal-Email,yes,DENIED,3,4,3,24,1,20000000,1,1,1,1,1,3,1,0.03525990809993362,Fraudulent
017c4add-924f-917b-e815-f775fa4312b1,missing,missing,complete,2022-05-19,No-Email,no,UNKNOWN,5,19,8,55,1,15000000,3,1,1,2,2,2,1,0.001440150095118331,Fraudulent
017f3bdd-1d42-17d2-1bf4-d112675820bc,2,missing,complete,2022-05-26,Personal-Email,yes,DENIED,5,26,18,24,1,20000000,1,1,1,1,1,3,1,0.011284701661599339,Fraudulent
017c4add-924f-917b-e815-f775fa4312b1,missing,missing,complete,2022-04-08,No-Email,no,UNKNOWN,4,8,13,0,1,70000000,3,1,1,2,2,2,1,0.027650491013794354,Fraudulent
017f0258-1a8f-ce0d-0859-ca2145137cbf,2,missing,complete,2022-03-27,Personal-Email,no,DENIED,3,27,10,11,1,15900000,1,1,1,1,2,3,1,1.97123916242381e-05,Fraudulent
018259d3-bd9c-157b-eced-c68512a8cad9,missing,ecommerce,complete,2022-09-07,No-Email,no,UNKNOWN,9,7,7,13,2,5040000,3,2,1,2,2,2,1,0.0014800577345259747,Fraudulent
017fc296-4a90-ae94-e621-aa6e505a5683,2,missing,complete,2022-03-26,Personal-Email,yes,DENIED,3,26,0,2,1,8850000,1,1,1,1,1,3,1,0.024982525554552715,Fraudulent
01811b98-ea40-fa02-432f-bb5f03597e85,2,missing,complete,2022-03-06,Personal-Email,no,ACCEPTED,3,6,22,40,2,19990000,1,1,1,1,2,1,1,0.025311692024126642,Fraudulent
0182a1b0-314a-75a0-73f8-a07017749e1b,3,ecommerce,complete,2022-08-30,Personal-Email,no,ACCEPTED,8,30,1,0,1,10000000,2,2,1,1,2,1,1,0.025327895739731154,Fraudulent
018259d3-bd9c-157b-eced-c68512a8cad9,missing,ecommerce,complete,2022-12-09,No-Email,no,UNKNOWN,12,9,8,55,2,4850000,3,2,1,2,2,2,1,0.022154343739579585,Fraudulent
018259d3-bd9c-157b-eced-c68512a8cad9,missing,ecommerce,complete,2022-09-02,No-Email,no,UNKNOWN,9,2,10,8,2,8100000,3,2,1,2,2,2,1,0.009296525717064075,Fraudulent
018259d3-bd9c-157b-eced-c68512a8cad9,missing,ecommerce,complete,2022-08-29,No-Email,no,UNKNOWN,8,29,23,0,1,20000000,3,2,1,2,2,2,1,0.02652105395492932,Fraudulent
017f02f5-4fc2-a9ad-898c-95a60f1d7598,2,missing,complete,2022-02-17,Personal-Email,no,DENIED,2,17,7,9,2,19010000,1,1,1,1,2,3,1,0.06434261060440594,Fraudulent
01823738-e061-401b-52f1-4947969878fd,2,missing,complete,2022-07-30,Personal-Email,no,DENIED,7,30,2,26,1,10000000,1,1,1,1,2,3,1,0.00028983229059975635,Fraudulent
017fd41b-9701-0230-8cef-5cd9b8cf07fb,2,missing,complete,2022-03-29,Personal-Email,yes,DENIED,3,29,5,47,1,20000000,1,1,1,1,1,3,1,0.03963905981632898,Fraudulent
0180031b-71ff-1fec-8f42-b1021288635c,2,missing,complete,2022-07-04,Personal-Email,no,DENIED,7,4,8,52,1,20000000,1,1,1,1,2,3,1,0.0061841161211614315,Fraudulent
017ec692-a34c-92e5-ac63-0b5d63b84c85,2,missing,complete,2022-03-25,Personal-Email,no,DENIED,3,25,13,41,1,20000000,1,1,1,1,2,3,1,0.0020003758080886502,Fraudulent
017fb77e-59f4-66f0-1e03-e6d07f25bf85,2,missing,complete,2022-03-24,Personal-Email,no,ACCEPTED,3,24,0,29,2,10000000,1,1,1,1,2,1,1,0.009318519011455861,Fraudulent
017e241d-fcea-615d-1fee-17958e6f6eb3,2,ecommerce,complete,2022-12-09,ProfessionalEmail,yes,ACCEPTED,12,9,13,24,2,2000000,1,2,1,3,1,1,1,0.011521970932202419,Fraudulent
018259d3-bd9c-157b-eced-c68512a8cad9,missing,ecommerce,complete,2022-09-03,No-Email,no,UNKNOWN,9,3,14,56,2,6000000,3,2,1,2,2,2,1,0.01317419427420996,Fraudulent
017e679d-c603-21b8-2ca5-c582cf630e7c,2,missing,complete,2022-01-28,Personal-Email,no,DENIED,1,28,19,58,2,10000000,1,1,1,1,2,3,1,0.035358591133544226,Fraudulent
017fd0c3-da54-b7cd-03f3-c1751c582baa,2,missing,complete,2022-03-28,Personal-Email,yes,ACCEPTED,3,28,14,4,3,15000000,1,1,1,1,1,1,1,0.020173573576328874,Fraudulent
0180b250-7998-9870-79a1-326f7c98144a,missing,ecommerce,complete,2022-02-08,No-Email,no,UNKNOWN,2,8,13,34,2,3284431,3,2,1,2,2,2,1,0.011663484059340257,Fraudulent
017ee99f-a995-6d93-f369-9871b9c87ca3,2,missing,complete,2022-02-23,Personal-Email,yes,DENIED,2,23,8,58,1,20000000,1,1,1,1,1,3,1,0.023488602627294908,Fraudulent
0180b250-7998-9870-79a1-326f7c98144a,missing,ecommerce,complete,2022-08-22,No-Email,no,UNKNOWN,8,22,15,1,2,5158813,3,2,1,2,2,2,1,0.005098221210880993,Fraudulent
017d925f-3b63-9381-0b52-28bbb0381417,2,missing,complete,2021-12-21,Personal-Email,no,DENIED,12,21,0,34,1,10000000,1,1,1,1,2,3,1,0.011743592613028486,Fraudulent
0182bb12-e4f5-fc10-1bb5-7c7e32e2beff,2,missing,complete,2022-08-21,Personal-Email,no,DENIED,8,21,0,29,1,10000000,1,1,1,1,2,3,1,0.00046035382642706235,Fraudulent
018259d3-bd9c-157b-eced-c68512a8cad9,missing,ecommerce,complete,2022-12-09,No-Email,no,UNKNOWN,12,9,4,32,2,2100000,3,2,1,2,2,2,1,0.014794086100078041,Fraudulent
017e8e1d-bec6-2b9d-e4bc-2ed2e681a38b,2,missing,complete,2022-01-26,Personal-Email,no,DENIED,1,26,10,56,1,19900000,1,1,1,1,2,3,1,0.013686069457065742,Fraudulent
018259d3-bd9c-157b-eced-c68512a8cad9,missing,ecommerce,complete,2022-09-01,No-Email,no,UNKNOWN,9,1,11,48,2,5190000,3,2,1,2,2,2,1,0.00963722310430093,Fraudulent
0180b250-7998-9870-79a1-326f7c98144a,missing,ecommerce,complete,2022-07-27,No-Email,no,UNKNOWN,7,27,9,45,2,5887500,3,2,1,2,2,2,1,0.015581124524461698,Fraudulent
018029cc-2090-7d0f-727f-9aa5a919cad5,2,missing,complete,2022-04-15,Personal-Email,no,DENIED,4,15,5,32,2,10000000,1,1,1,1,2,3,1,0.026349585349139004,Fraudulent
017f070b-5f29-e120-993a-cf69c4608c98,2,missing,complete,2022-02-18,Personal-Email,no,DENIED,2,18,10,26,2,10000000,1,1,1,1,2,3,1,0.010082317620662473,Fraudulent
018259d3-bd9c-157b-eced-c68512a8cad9,missing,ecommerce,complete,2022-09-13,No-Email,no,UNKNOWN,9,13,16,48,2,20013500,3,2,1,2,2,2,1,0.03696830750849911,Fraudulent
018259d3-bd9c-157b-eced-c68512a8cad9,missing,ecommerce,complete,2022-08-27,No-Email,no,UNKNOWN,8,27,16,52,2,3005000,3,2,1,2,2,2,1,0.002269158202184318,Fraudulent
017c702b-7817-8dde-d0d1-45254d8fdb48,2,ecommerce,complete,2022-08-12,ProfessionalEmail,yes,ACCEPTED,8,12,17,2,2,20000,1,2,1,3,1,1,1,0.00048193977231481,Fraudulent
017efc8d-8fe4-b582-cddf-1abeb1013e9e,2,missing,complete,2022-02-17,Personal-Email,no,DENIED,2,17,6,54,1,20000000,1,1,1,1,2,3,1,0.021673930826652588,Fraudulent
017e7cb9-9c9d-9283-8dfc-312a2381271e,2,missing,complete,2022-01-21,Personal-Email,yes,DENIED,1,21,13,18,1,18360000,1,1,1,1,1,3,1,0.003933493071622274,Fraudulent
017fc01b-4212-3d89-b042-302858af37e3,2,missing,complete,2022-03-25,Personal-Email,no,DENIED,3,25,9,6,1,20000000,1,1,1,1,2,3,1,0.023727399016575057,Fraudulent
0180601e-db62-9bd1-02fc-605b92113da6,2,missing,complete,2022-04-26,Personal-Email,yes,DENIED,4,26,1,42,1,18000000,1,1,1,1,1,3,1,0.036486021339988794,Fraudulent
018259d3-bd9c-157b-eced-c68512a8cad9,missing,ecommerce,complete,2022-10-09,No-Email,no,UNKNOWN,10,9,9,43,2,8000000,3,2,1,2,2,2,1,0.008687733603915171,Fraudulent
018259d3-bd9c-157b-eced-c68512a8cad9,missing,ecommerce,complete,2022-09-07,No-Email,no,UNKNOWN,9,7,11,18,2,16850000,3,2,1,2,2,2,1,0.025572103771115517,Fraudulent
017f2cfb-efcc-60a5-d9ff-59c8791d260d,2,missing,complete,2022-03-25,Personal-Email,no,DENIED,3,25,15,51,1,19700000,1,1,1,1,2,3,1,0.013244421368649117,Fraudulent
018259d3-bd9c-157b-eced-c68512a8cad9,missing,ecommerce,complete,2022-09-13,No-Email,no,UNKNOWN,9,13,9,38,3,13200000,3,2,1,2,2,2,1,0.02688788316726909,Fraudulent
017d925f-3b63-9381-0b52-28bbb0381417,2,missing,complete,2021-12-13,Personal-Email,no,DENIED,12,13,0,1,1,20000000,1,1,1,1,2,3,1,0.05439025857818924,Fraudulent
017c5a00-33b8-6931-6cb8-07789bfa1c43,3,ecommerce,complete,2022-08-31,Personal-Email,yes,ACCEPTED,8,31,7,11,1,12600000,2,2,1,1,1,1,1,0.006268037379868918,Fraudulent
017fd41b-9701-0230-8cef-5cd9b8cf07fb,2,missing,complete,2022-03-31,Personal-Email,yes,DENIED,3,31,8,0,1,10000000,1,1,1,1,1,3,1,0.014271202577297748,Fraudulent
018259d3-bd9c-157b-eced-c68512a8cad9,missing,ecommerce,complete,2022-08-30,No-Email,no,UNKNOWN,8,30,1,14,1,10000000,3,2,1,2,2,2,1,0.008774858106711414,Fraudulent
017ec192-ad5d-fccd-09d9-7d5a79a90b1e,2,missing,complete,2022-04-02,Personal-Email,no,DENIED,4,2,0,8,1,10900000,1,1,1,1,2,3,1,0.01967598038568663,Fraudulent
01805c6a-2921-54dd-16df-3008857c9326,2,missing,complete,2022-04-24,Personal-Email,no,DENIED,4,24,16,45,1,20000000,1,1,1,1,2,3,1,0.0030222978893873487,Fraudulent
018259d3-bd9c-157b-eced-c68512a8cad9,missing,ecommerce,complete,2022-08-30,No-Email,no,UNKNOWN,8,30,2,42,1,14300000,3,2,1,2,2,2,1,0.010502551506525015,Fraudulent
01802408-63f0-6317-627a-2e5cf00005dd,2,missing,complete,2022-04-14,Personal-Email,yes,ACCEPTED,4,14,0,5,1,20000000,1,1,1,1,1,1,1,0.0029001303445144178,Fraudulent
0182ba42-b2b9-6547-d8e8-e2194a73d536,3,ecommerce,complete,2022-11-09,Personal-Email,no,ACCEPTED,11,9,18,52,1,38500000,2,2,1,1,2,1,1,0.0066702128090753154,Fraudulent
018259d3-bd9c-157b-eced-c68512a8cad9,missing,ecommerce,complete,2022-09-05,No-Email,no,UNKNOWN,9,5,18,39,2,7000000,3,2,1,2,2,2,1,0.008607627437269505,Fraudulent
017eeecb-d459-5b0c-ac3b-1e4a01ea9687,2,missing,complete,2022-02-13,Personal-Email,yes,ACCEPTED,2,13,0,5,1,20000000,1,1,1,1,1,1,1,0.006346940708242044,Fraudulent
018259d3-bd9c-157b-eced-c68512a8cad9,missing,ecommerce,complete,2022-12-09,No-Email,no,UNKNOWN,12,9,21,9,3,20400000,3,2,1,2,2,2,1,0.06674540279042418,Fraudulent
017f5438-55a7-3a5a-63d7-70331f2b6e00,2,missing,complete,2022-04-03,Personal-Email,no,DENIED,4,3,9,36,1,20000000,1,1,1,1,2,3,1,0.021024103440737796,Fraudulent
0180b250-7998-9870-79a1-326f7c98144a,missing,ecommerce,complete,2022-09-07,No-Email,no,UNKNOWN,9,7,14,57,2,4405632,3,2,1,2,2,2,1,0.004362743514256806,Fraudulent
018259d3-bd9c-157b-eced-c68512a8cad9,missing,ecommerce,complete,2022-09-03,No-Email,no,UNKNOWN,9,3,11,37,2,5300000,3,2,1,2,2,2,1,0.0012773533243222168,Fraudulent
018259d3-bd9c-157b-eced-c68512a8cad9,missing,ecommerce,complete,2022-11-09,No-Email,no,UNKNOWN,11,9,12,22,2,22000000,3,2,1,2,2,2,1,0.03922434099562011,Fraudulent
018259d3-bd9c-157b-eced-c68512a8cad9,missing,ecommerce,complete,2022-09-07,No-Email,no,UNKNOWN,9,7,9,22,2,25010000,3,2,1,2,2,2,1,0.028084920493828713,Fraudulent
0180b250-7998-9870-79a1-326f7c98144a,missing,ecommerce,complete,2022-08-15,No-Email,no,UNKNOWN,8,15,16,31,2,11224719,3,2,1,2,2,2,1,0.012834555101191025,Fraudulent
017d31f7-13cd-eca7-a9c5-2dc4529c0c4a,2,missing,complete,2022-01-28,Personal-Email,no,DENIED,1,28,20,15,2,10000000,1,1,1,1,2,3,1,0.03874558827345587,Fraudulent
018259d3-bd9c-157b-eced-c68512a8cad9,missing,ecommerce,complete,2022-08-26,No-Email,no,UNKNOWN,8,26,6,55,2,4000,3,2,1,2,2,2,1,0.0046067457631734365,Fraudulent
018259d3-bd9c-157b-eced-c68512a8cad9,missing,ecommerce,complete,2022-08-26,No-Email,no,UNKNOWN,8,26,7,40,2,20500000,3,2,1,2,2,2,1,0.050596435660677064,Fraudulent
018259d3-bd9c-157b-eced-c68512a8cad9,missing,ecommerce,complete,2022-12-09,No-Email,no,UNKNOWN,12,9,8,20,2,3140000,3,2,1,2,2,2,1,0.0014619825868112946,Fraudulent
017eddc6-42ef-d544-11da-1c3ad7833b19,2,missing,complete,2022-09-02,Personal-Email,no,DENIED,9,2,20,7,1,13000000,1,1,1,1,2,3,1,0.007455511797075598,Fraudulent
018246a2-e410-4575-da03-5d0737d3ba09,missing,ecommerce,complete,2022-03-08,No-Email,no,UNKNOWN,3,8,8,58,2,20000,3,2,1,2,2,2,1,0.007996228690165252,Fraudulent
017fad65-c55a-33a0-6300-941a7850b447,2,missing,complete,2022-03-22,Personal-Email,yes,ACCEPTED,3,22,0,53,2,4900000,1,1,1,1,1,1,1,0.00011083952381696349,Fraudulent
0182bb94-7f81-9843-bde7-8c9a4cf30758,2,missing,complete,2022-08-21,Personal-Email,no,DENIED,8,21,0,2,1,10000000,1,1,1,1,2,3,1,0.017399260410239537,Fraudulent
018259d3-bd9c-157b-eced-c68512a8cad9,missing,ecommerce,complete,2022-09-13,No-Email,no,UNKNOWN,9,13,4,50,2,1901000,3,2,1,2,2,2,1,0.007451216402481697,Fraudulent
018259d3-bd9c-157b-eced-c68512a8cad9,missing,ecommerce,complete,2022-08-29,No-Email,no,UNKNOWN,8,29,22,43,2,2000000,3,2,1,2,2,2,1,0.00010720324310964369,Fraudulent
0180b250-7998-9870-79a1-326f7c98144a,missing,ecommerce,complete,2022-07-18,No-Email,no,UNKNOWN,7,18,9,45,2,5065469,3,2,1,2,2,2,1,0.002656128564137883,Fraudulent
018259d3-bd9c-157b-eced-c68512a8cad9,missing,ecommerce,complete,2022-11-09,No-Email,no,UNKNOWN,11,9,19,57,2,10005000,3,2,1,2,2,2,1,0.03654498356226221,Fraudulent
017f5438-55a7-3a5a-63d7-70331f2b6e00,2,missing,complete,2022-05-03,Personal-Email,no,DENIED,5,3,9,15,1,20000000,1,1,1,1,2,3,1,0.02702772821617594,Fraudulent
018259d3-bd9c-157b-eced-c68512a8cad9,missing,ecommerce,complete,2022-08-29,No-Email,no,UNKNOWN,8,29,22,22,3,1000200,3,2,1,2,2,2,1,0.0007928965043950686,Fraudulent
017c702b-7817-8dde-d0d1-45254d8fdb48,2,ecommerce,complete,2022-08-29,ProfessionalEmail,yes,ACCEPTED,8,29,22,22,2,200,1,2,1,3,1,1,1,0.021590228897728436,Fraudulent
018259d3-bd9c-157b-eced-c68512a8cad9,missing,ecommerce,complete,2022-09-05,No-Email,no,UNKNOWN,9,5,14,43,2,6000000,3,2,1,2,2,2,1,0.0013346888513429134,Fraudulent
017cbc52-87f2-c03f-81bd-87669a41d8f7,2,ecommerce,complete,2022-12-09,ProfessionalEmail,no,ACCEPTED,12,9,21,9,1,18000000,1,2,1,3,2,1,1,0.04549349913063039,Fraudulent
017f20c3-4140-c5a6-64b0-e68a675c12c4,2,missing,complete,2022-03-25,Personal-Email,no,DENIED,3,25,0,8,2,10000000,1,1,1,1,2,3,1,0.052679244123870705,Fraudulent
0182bab6-5c68-7ad3-03d1-68de98792e4a,2,missing,complete,2022-08-21,Personal-Email,no,DENIED,8,21,0,55,1,9990000,1,1,1,1,2,3,1,0.0009865334663515801,Fraudulent
017d31f7-13cd-eca7-a9c5-2dc4529c0c4a,2,missing,complete,2022-01-29,Personal-Email,no,DENIED,1,29,5,48,1,9990000,1,1,1,1,2,3,1,8.548374323180674e-06,Fraudulent
017ccccd-0a79-aaa2-6460-45bd7a775426,2,ecommerce,complete,2022-09-07,Personal-Email,yes,ACCEPTED,9,7,11,26,1,200000,1,2,1,1,1,1,0,-0.19262671985917856,Non_Fraudulent
017db2e2-8da9-1423-3b88-c2c24a23d804,2,missing,complete,2022-01-08,Personal-Email,no,ACCEPTED,1,8,6,53,1,100000,1,1,1,1,2,1,0,-0.1537317818942449,Non_Fraudulent
017ee243-b344-4fef-92c2-bc4a0ece6aea,missing,missing,complete,2022-06-27,No-Email,no,UNKNOWN,6,27,13,42,1,1000,3,1,1,2,2,2,0,-0.09102234366262107,Non_Fraudulent
017e2a42-b719-0968-dd62-72f9e8da9411,2,missing,complete,2022-08-11,Personal-Email,yes,ACCEPTED,8,11,12,50,1,160000,1,1,1,1,1,1,0,-0.22738516907077289,Non_Fraudulent
018119da-168a-4aa0-03cf-4957c5fcb7be,2,ecommerce,complete,2022-08-27,Personal-Email,no,ACCEPTED,8,27,11,39,1,50000,1,2,1,1,2,1,0,-0.19456539925430916,Non_Fraudulent
018259d3-bd9c-157b-eced-c68512a8cad9,missing,ecommerce,complete,2022-10-09,No-Email,no,UNKNOWN,10,9,17,25,1,2000000,3,2,1,2,2,2,0,-0.14026817869510527,Non_Fraudulent
018259d3-bd9c-157b-eced-c68512a8cad9,missing,ecommerce,complete,2022-08-26,No-Email,no,UNKNOWN,8,26,11,46,1,410000,3,2,1,2,2,2,0,-0.1430656726572742,Non_Fraudulent
017d0170-ec62-ab8a-0434-a8718e6ab54a,2,missing,complete,2021-08-11,Personal-Email,no,ACCEPTED,8,11,21,43,1,100000,1,1,1,1,2,1,0,-0.2013580702938817,Non_Fraudulent
017c54ef-0069-e597-9697-1f4118674491,2,missing,complete,2022-11-03,Personal-Email,yes,ACCEPTED,11,3,7,34,1,95000,1,1,1,1,1,1,0,-0.19844682789736467,Non_Fraudulent
0180b250-7998-9870-79a1-326f7c98144a,missing,ecommerce,complete,2022-01-07,No-Email,no,UNKNOWN,1,7,21,56,1,120063,3,2,1,2,2,2,0,-0.036004420007740845,Non_Fraudulent
0180c3db-caad-44c5-2fc9-007f85bf7009,2,missing,complete,2022-05-27,Personal-Email,yes,ACCEPTED,5,27,16,14,1,2000,1,1,1,1,1,1,0,-0.21149320119225273,Non_Fraudulent
0180b250-7998-9870-79a1-326f7c98144a,missing,ecommerce,complete,2022-09-01,No-Email,no,UNKNOWN,9,1,13,6,1,267469,3,2,1,2,2,2,0,-0.13825918210119836,Non_Fraudulent
0182f531-885d-cc07-fda2-491718f5f156,2,ecommerce,complete,2022-09-13,Personal-Email,no,ACCEPTED,9,13,16,25,1,40000,1,2,1,1,2,1,0,-0.19668900912059945,Non_Fraudulent
017e627b-c872-1fbd-4bc8-4366efc2f583,2,missing,complete,2022-01-16,Personal-Email,yes,ACCEPTED,1,16,10,52,1,1000,1,1,1,1,1,1,0,-0.18823327064152123,Non_Fraudulent
017cb635-36fd-61de-8860-9442780e7f52,2,ecommerce,complete,2022-10-09,Personal-Email,no,ACCEPTED,10,9,13,53,1,400000,1,2,1,1,2,1,0,-0.18784669627508221,Non_Fraudulent
017cb83f-8477-705e-e7b2-f2743ddd4a0e,2,missing,complete,2021-10-27,Personal-Email,no,ACCEPTED,10,27,10,42,1,20000,1,1,1,1,2,1,0,-0.2192193775270594,Non_Fraudulent
018259d3-bd9c-157b-eced-c68512a8cad9,missing,ecommerce,complete,2022-08-31,No-Email,no,UNKNOWN,8,31,20,15,1,300000,3,2,1,2,2,2,0,-0.10273292699626202,Non_Fraudulent
018210d8-898d-4179-99e2-3508456691b0,2,ecommerce,complete,2022-08-20,Personal-Email,no,ACCEPTED,8,20,10,34,1,4240000,1,2,1,1,2,1,0,-0.16001993295554584,Non_Fraudulent
017e51c7-8483-d137-af02-02baba6fbe54,2,missing,complete,2022-01-14,Personal-Email,no,ACCEPTED,1,14,10,29,1,200000,1,1,1,1,2,1,0,-0.20450832150283627,Non_Fraudulent
01832746-668c-f7f0-536e-af5f0b69df56,2,missing,complete,2022-10-09,Personal-Email,no,ACCEPTED,10,9,12,11,1,500,1,1,1,1,2,1,0,-0.22613161607031812,Non_Fraudulent
017f0228-f6b2-b510-4f13-ca5f9ef60202,2,missing,complete,2022-06-24,Personal-Email,yes,ACCEPTED,6,24,7,56,1,110000,1,1,1,1,1,1,0,-0.2063790571845906,Non_Fraudulent
017c6509-7dc0-3926-cdba-9b2627fc9271,2,missing,complete,2022-05-27,Personal-Email,yes,ACCEPTED,5,27,7,14,1,180000,1,1,1,1,1,1,0,-0.21230436441263062,Non_Fraudulent
0182f88c-85b0-3361-8ad8-d1278429e993,2,ecommerce,complete,2022-09-05,Personal-Email,no,ACCEPTED,9,5,13,12,1,267469,1,2,1,1,2,1,0,-0.18841344610630273,Non_Fraudulent
0182a244-1614-7ab4-ff22-ed1380a34ad7,3,ecommerce,complete,2022-08-29,Personal-Email,no,ACCEPTED,8,29,23,22,1,100000,2,2,1,1,2,1,0,-0.06784651176933976,Non_Fraudulent
017ce607-8006-f0d0-8a50-34b3849add07,2,ecommerce,complete,2022-09-05,Personal-Email,yes,ACCEPTED,9,5,14,5,1,1750000,1,2,1,1,1,1,0,-0.15653695641877347,Non_Fraudulent
017d9fd0-80d9-afef-1ffe-d454c07de53f,2,missing,complete,2022-07-26,Personal-Email,yes,ACCEPTED,7,26,11,24,1,1300000,1,1,1,1,1,1,0,-0.2300270944113903,Non_Fraudulent
0180531a-217a-fc56-1647-0a39ac900285,2,missing,complete,2022-04-22,Personal-Email,yes,ACCEPTED,4,22,21,40,1,20000000,1,1,1,1,1,1,0,-0.031146393747163992,Non_Fraudulent
01817afc-6042-2c00-5bc3-d904c535fe35,2,missing,complete,2022-06-19,Personal-Email,no,ACCEPTED,6,19,8,31,1,2000000,1,1,1,1,2,1,0,-0.2214790379975089,Non_Fraudulent
017f5401-7421-ec25-a0c4-d1535f5d01d9,2,missing,complete,2022-04-03,Personal-Email,yes,ACCEPTED,4,3,8,26,1,10000,1,1,1,1,1,1,0,-0.20459351372226509,Non_Fraudulent
017ed3c4-db65-8fea-c391-3cde49fcb729,2,missing,complete,2022-02-08,Personal-Email,yes,ACCEPTED,2,8,14,13,1,90000,1,1,1,1,1,1,0,-0.21339216533448457,Non_Fraudulent
017efd81-b8d1-ae54-ddaf-a5bfb2cb684e,2,ecommerce,complete,2022-08-11,Personal-Email,yes,ACCEPTED,8,11,17,30,1,10000,1,2,1,1,1,1,0,-0.18777415342439785,Non_Fraudulent
017f12aa-4ac1-9ba9-5f55-55205eaf5f26,2,missing,complete,2022-02-22,Personal-Email,no,ACCEPTED,2,22,18,4,1,50000,1,1,1,1,2,1,0,-0.16792773501951397,Non_Fraudulent
017cb642-7290-4ea9-0f8a-014cc6571fc1,2,missing,complete,2022-07-29,Personal-Email,no,ACCEPTED,7,29,7,23,1,380000,1,1,1,1,2,1,0,-0.20329232052696228,Non_Fraudulent
0181e2ee-a73b-8aab-5ff2-1d7230c7613d,2,missing,complete,2022-07-16,Personal-Email,no,DENIED,7,16,17,22,1,2000000,1,1,1,1,2,3,0,-0.1211658359648976,Non_Fraudulent
01811c3f-228e-5ea9-500f-42022adabe2e,2,missing,complete,2022-01-06,Personal-Email,no,ACCEPTED,1,6,9,55,1,30000,1,1,1,1,2,1,0,-0.17607771484239526,Non_Fraudulent
017cd301-2e07-20db-5247-8c7ed7417aec,2,missing,complete,2021-09-12,Personal-Email,no,ACCEPTED,9,12,20,17,1,2000,1,1,1,1,2,1,0,-0.19903946657016813,Non_Fraudulent
017c54ef-0069-e597-9697-1f4118674491,2,missing,complete,2022-06-14,Personal-Email,yes,ACCEPTED,6,14,12,31,1,120000,1,1,1,1,1,1,0,-0.2516056981868478,Non_Fraudulent
017cbb7b-c097-f8d4-22c5-ac182c985dac,2,ecommerce,complete,2022-08-24,Personal-Email,no,ACCEPTED,8,24,10,23,1,267469,1,2,1,1,2,1,0,-0.19020071560835722,Non_Fraudulent
018246a2-e410-4575-da03-5d0737d3ba09,missing,ecommerce,complete,2022-08-31,No-Email,no,UNKNOWN,8,31,13,19,1,130000,3,2,1,2,2,2,0,-0.13843461422591796,Non_Fraudulent
0180b250-7998-9870-79a1-326f7c98144a,missing,ecommerce,complete,2022-07-13,No-Email,no,UNKNOWN,7,13,16,0,1,166931,3,2,1,2,2,2,0,-0.11791073525172102,Non_Fraudulent
01804934-0c49-1384-b512-f4ede394639b,2,missing,complete,2022-04-20,Personal-Email,yes,ACCEPTED,4,20,23,9,1,10000,1,1,1,1,1,1,0,-0.15936617033522393,Non_Fraudulent
01811984-356e-2bb0-1604-cce772f50dea,2,missing,complete,2022-05-31,Personal-Email,no,ACCEPTED,5,31,12,14,1,1140300,1,1,1,1,2,1,0,-0.19058134559847972,Non_Fraudulent
017e2561-563d-bc00-98d7-0ff17c2aca5c,2,missing,complete,2022-08-24,Personal-Email,yes,ACCEPTED,8,24,14,42,1,1200000,1,1,1,1,1,1,0,-0.22213175282002684,Non_Fraudulent
017cfb4b-df3b-cac3-1b32-12a7ee516c82,2,missing,complete,2022-08-10,Personal-Email,yes,ACCEPTED,8,10,8,19,1,70000,1,1,1,1,1,1,0,-0.24144233197685233,Non_Fraudulent
017cc7e5-a131-18c9-d8c2-551394f42e03,2,missing,complete,2022-08-27,Personal-Email,yes,ACCEPTED,8,27,21,27,1,100000,1,1,1,1,1,1,0,-0.19471449816674535,Non_Fraudulent
017c7511-bd0c-7c04-ed29-a0f8dd4ffb11,2,missing,complete,2022-04-22,Personal-Email,yes,ACCEPTED,4,22,13,56,1,1200000,1,1,1,1,1,1,0,-0.19096150201935413,Non_Fraudulent
0180af7f-d369-4d3d-0858-4dd0ca5a7888,2,missing,complete,2022-10-05,Personal-Email,yes,DENIED,10,5,20,15,1,10000000,1,1,1,1,1,3,0,-0.0018781677146578746,Non_Fraudulent
01813296-3b95-5b6d-a0ec-29b2830eb15c,2,ecommerce,complete,2022-08-08,Personal-Email,no,ACCEPTED,8,8,15,20,1,166931,1,2,1,1,2,1,0,-0.1973491703909298,Non_Fraudulent
018119ee-8c64-3771-2180-de4502433c25,2,missing,complete,2022-05-31,Personal-Email,no,ACCEPTED,5,31,12,18,1,6620000,1,1,1,1,2,1,0,-0.1501092456750031,Non_Fraudulent
0180ada4-476f-f88c-ba51-3fa824d4b050,2,missing,complete,2022-10-05,Personal-Email,yes,ACCEPTED,10,5,11,26,1,4000000,1,1,1,1,1,1,0,-0.18084918065728084,Non_Fraudulent
017c5670-fff3-3083-0e15-9ffc090ebb6d,2,missing,complete,2021-11-26,Personal-Email,yes,ACCEPTED,11,26,12,26,1,180000,1,1,1,1,1,1,0,-0.22492823511023163,Non_Fraudulent
018259d3-bd9c-157b-eced-c68512a8cad9,missing,ecommerce,complete,2022-09-09,No-Email,no,UNKNOWN,9,9,20,8,2,1002000,3,2,1,2,2,2,0,-0.024508561329526724,Non_Fraudulent
017e4367-b436-ad6a-8ba0-a215a5c55e9d,2,missing,complete,2022-07-14,ProfessionalEmail,yes,ACCEPTED,7,14,13,29,1,10000,1,1,1,3,1,1,0,-0.12312658227516504,Non_Fraudulent
017cbb7b-c097-f8d4-22c5-ac182c985dac,2,ecommerce,complete,2022-08-24,Personal-Email,no,ACCEPTED,8,24,10,27,1,267469,1,2,1,1,2,1,0,-0.19688681512617595,Non_Fraudulent
017c5103-a88a-e25e-49dc-d8d765f87057,2,missing,complete,2021-09-10,Personal-Email,yes,ACCEPTED,9,10,19,22,1,250,1,1,1,1,1,1,0,-0.20895412228572868,Non_Fraudulent
017f222c-f081-b7ab-c4e3-c858389ab7af,2,missing,complete,2022-05-04,Personal-Email,no,ACCEPTED,5,4,5,26,1,170000,1,1,1,1,2,1,0,-0.17733607766204212,Non_Fraudulent
017c64b0-d4c4-8f7c-4b05-cae023abcf1a,2,missing,complete,2022-04-08,Personal-Email,yes,ACCEPTED,4,8,12,11,1,150000,1,1,1,1,1,1,0,-0.2308490307921745,Non_Fraudulent
0180b250-7998-9870-79a1-326f7c98144a,missing,ecommerce,complete,2022-12-09,No-Email,no,UNKNOWN,12,9,11,52,1,267300,3,2,1,2,2,2,0,-0.13533764118409697,Non_Fraudulent
017e8bd4-f723-a9bc-f612-bc419318fae4,2,missing,complete,2022-08-09,Personal-Email,no,ACCEPTED,8,9,12,28,1,1010000,1,1,1,1,2,1,0,-0.2407787404911842,Non_Fraudulent
017f6942-6347-546c-b549-c3e59b704d28,2,missing,complete,2022-08-11,Personal-Email,yes,ACCEPTED,8,11,9,27,1,2000000,1,1,1,1,1,1,0,-0.22290623492583939,Non_Fraudulent
0180b250-7998-9870-79a1-326f7c98144a,missing,ecommerce,complete,2022-08-30,No-Email,no,UNKNOWN,8,30,12,43,1,166931,3,2,1,2,2,2,0,-0.13450792988064375,Non_Fraudulent
01816d68-5199-641f-6be4-dc759d671d47,2,ecommerce,complete,2022-07-20,Personal-Email,no,ACCEPTED,7,20,11,0,1,121500,1,2,1,1,2,1,0,-0.16254609241416407,Non_Fraudulent
017cbdeb-9359-f04e-c290-92e2457f4e67,2,missing,complete,2022-08-12,Personal-Email,yes,ACCEPTED,8,12,12,50,1,698,1,1,1,1,1,1,0,-0.23111189996905757,Non_Fraudulent
017c63c1-9e4a-9062-4b06-e8f4c3f8bd26,2,missing,complete,2022-06-17,Personal-Email,yes,ACCEPTED,6,17,11,21,1,3400000,1,1,1,1,1,1,0,-0.21945598146327266,Non_Fraudulent
0181c870-c0dd-7029-3890-3d0b56ec6c1d,2,ecommerce,complete,2022-09-07,Personal-Email,no,ACCEPTED,9,7,8,43,1,116663,1,2,1,1,2,1,0,-0.19273681967953943,Non_Fraudulent
017efda0-0161-f852-c730-8c8726b071eb,2,ecommerce,complete,2022-08-29,Personal-Email,yes,ACCEPTED,8,29,9,8,1,1300000,1,2,1,1,1,1,0,-0.14165247757303212,Non_Fraudulent
017e6dc4-88ae-a93e-dbff-9be141321005,2,missing,complete,2022-03-30,Personal-Email,yes,ACCEPTED,3,30,13,42,1,30000,1,1,1,1,1,1,0,-0.19979763024174985,Non_Fraudulent
017d0e4b-fa42-f1ae-8301-6d59dfeeddae,2,missing,complete,2022-02-15,Personal-Email,yes,ACCEPTED,2,15,14,39,1,500,1,1,1,1,1,1,0,-0.21711568060163872,Non_Fraudulent
018259d3-bd9c-157b-eced-c68512a8cad9,missing,ecommerce,complete,2022-10-09,No-Email,no,UNKNOWN,10,9,11,39,2,1500000,3,2,1,2,2,2,0,-0.03738465577752159,Non_Fraudulent
01805167-159f-86f2-2ceb-bdd710d76574,2,missing,complete,2022-04-23,Personal-Email,yes,ACCEPTED,4,23,6,59,1,190000,1,1,1,1,1,1,0,-0.16841178311499577,Non_Fraudulent
017e7b8b-d9d4-617f-9484-230942811f07,2,missing,complete,2022-01-21,Personal-Email,yes,ACCEPTED,1,21,8,39,1,5000,1,1,1,1,1,1,0,-0.19094773347107824,Non_Fraudulent
01801929-7c23-4430-fc66-7d9eb2daca5a,2,missing,complete,2022-11-04,Personal-Email,yes,ACCEPTED,11,4,16,36,1,1000000,1,1,1,1,1,1,0,-0.19162757139506426,Non_Fraudulent
01819156-45d9-7860-64ba-9c271dcd7049,2,missing,complete,2022-06-23,Personal-Email,no,ACCEPTED,6,23,18,12,1,1940000,1,1,1,1,2,1,0,-0.1885451500419949,Non_Fraudulent
018119f5-a107-8a0c-e8c3-e3e82d7d025f,2,ecommerce,complete,2022-12-09,Personal-Email,no,ACCEPTED,12,9,12,15,1,217200,1,2,1,1,2,1,0,-0.1817656757257124,Non_Fraudulent
0180e6d1-269a-b4b0-ffcb-a66ece49e222,2,missing,complete,2022-05-21,Personal-Email,yes,ACCEPTED,5,21,16,7,1,200000,1,1,1,1,1,1,0,-0.20866655797744382,Non_Fraudulent
0180b250-7998-9870-79a1-326f7c98144a,missing,ecommerce,complete,2022-09-02,No-Email,no,UNKNOWN,9,2,20,26,1,770156,3,2,1,2,2,2,0,-0.11068350174743813,Non_Fraudulent
017d8b01-bc14-7f28-512c-17ef683ff0db,2,missing,complete,2022-08-13,Personal-Email,no,ACCEPTED,8,13,11,25,1,1000,1,1,1,1,2,1,0,-0.24278139980104452,Non_Fraudulent
018119f5-a107-8a0c-e8c3-e3e82d7d025f,2,ecommerce,complete,2022-08-17,Personal-Email,no,ACCEPTED,8,17,11,19,1,166931,1,2,1,1,2,1,0,-0.20544461295092387,Non_Fraudulent
017d0449-e195-fc22-5768-255a08fafb29,2,missing,complete,2022-07-27,Personal-Email,yes,ACCEPTED,7,27,7,20,1,170000,1,1,1,1,1,1,0,-0.22505406747323187,Non_Fraudulent
017cb8d1-26e2-efb9-77f7-db274d0f5fec,2,missing,complete,2021-11-14,Personal-Email,no,ACCEPTED,11,14,12,19,1,150000,1,1,1,1,2,1,0,-0.22639500383220684,Non_Fraudulent
018259d3-bd9c-157b-eced-c68512a8cad9,missing,ecommerce,complete,2022-11-09,No-Email,no,UNKNOWN,11,9,21,33,1,1500000,3,2,1,2,2,2,0,-0.11239561610329807,Non_Fraudulent
017c5a7d-38c2-844a-68fd-06a042e5dd3b,2,missing,complete,2021-12-23,Personal-Email,yes,ACCEPTED,12,23,14,24,1,20000,1,1,1,1,1,1,0,-0.20461545734367909,Non_Fraudulent
017cbb7b-c097-f8d4-22c5-ac182c985dac,2,ecommerce,complete,2022-07-26,Personal-Email,no,ACCEPTED,7,26,11,8,1,267469,1,2,1,1,2,1,0,-0.1831020214718207,Non_Fraudulent
0182e587-acec-ff1f-7daa-04ff162f97ea,2,missing,complete,2022-08-28,Personal-Email,no,ACCEPTED,8,28,17,54,1,1,1,1,1,1,2,1,0,-0.1953546398911769,Non_Fraudulent
017cc074-9951-dc22-5e63-595320966103,2,missing,complete,2022-08-01,Personal-Email,no,ACCEPTED,8,1,6,37,1,50000,1,1,1,1,2,1,0,-0.17694133252618782,Non_Fraudulent
017e2118-9cf2-e89d-2c0a-5000dfa7ca98,2,missing,complete,2022-01-26,Personal-Email,no,ACCEPTED,1,26,10,38,1,8950000,1,1,1,1,2,1,0,-0.11828925394742495,Non_Fraudulent
017cf8c5-73ab-aad2-f903-a1109f0c5ed8,2,missing,complete,2021-11-11,Personal-Email,yes,ACCEPTED,11,11,13,2,1,1000000,1,1,1,1,1,1,0,-0.1831286709034471,Non_Fraudulent
018259d3-bd9c-157b-eced-c68512a8cad9,missing,ecommerce,complete,2022-09-06,No-Email,no,UNKNOWN,9,6,22,50,1,5000,3,2,1,2,2,2,0,-0.09843334009501148,Non_Fraudulent
017f3a19-ab89-3961-7454-7ded1721ea08,2,missing,complete,2022-05-03,Personal-Email,yes,DENIED,5,3,10,12,1,3990000,1,1,1,1,1,3,0,-0.06490880372920882,Non_Fraudulent
017fd0eb-6470-f7b2-137e-6ff1debe6db1,2,missing,complete,2022-03-28,Personal-Email,yes,ACCEPTED,3,28,15,46,1,2000000,1,1,1,1,1,1,0,-0.1751889506621664,Non_Fraudulent
018246a2-e410-4575-da03-5d0737d3ba09,missing,ecommerce,complete,2022-10-09,No-Email,no,UNKNOWN,10,9,18,54,1,100000,3,2,1,2,2,2,0,-0.1360984630743181,Non_Fraudulent
017ed384-f5a9-d528-80f1-6d47dc0b90ef,2,ecommerce,complete,2022-08-29,Personal-Email,no,ACCEPTED,8,29,7,34,1,6900000,1,2,1,1,2,1,0,-0.09119419798272355,Non_Fraudulent
0180b250-7998-9870-79a1-326f7c98144a,missing,ecommerce,complete,2022-08-29,No-Email,no,UNKNOWN,8,29,14,2,1,166931,3,2,1,2,2,2,0,-0.11770025589129263,Non_Fraudulent
017c6c50-783c-1842-ce99-c1be4631c540,2,missing,complete,2022-05-31,Personal-Email,yes,ACCEPTED,5,31,7,3,1,170000,1,1,1,1,1,1,0,-0.15824902686438874,Non_Fraudulent
017dbe0d-ed0b-4293-34d3-b07361ed04ed,2,missing,complete,2022-06-06,Personal-Email,yes,ACCEPTED,6,6,7,29,1,140000,1,1,1,1,1,1,0,-0.23653742973628983,Non_Fraudulent
017cc78e-94d4-c96b-09be-de417246557d,2,missing,complete,2021-12-12,Personal-Email,no,ACCEPTED,12,12,16,38,1,305000,1,1,1,1,2,1,0,-0.1960282431803929,Non_Fraudulent
017cbb7b-c097-f8d4-22c5-ac182c985dac,2,ecommerce,complete,2022-07-19,Personal-Email,no,ACCEPTED,7,19,11,17,1,267469,1,2,1,1,2,1,0,-0.20168039754793832,Non_Fraudulent
017cbb7b-c097-f8d4-22c5-ac182c985dac,2,ecommerce,complete,2022-08-22,Personal-Email,no,ACCEPTED,8,22,17,22,1,267469,1,2,1,1,2,1,0,-0.1868558020341774,Non_Fraudulent
017cbb7b-c097-f8d4-22c5-ac182c985dac,2,ecommerce,complete,2022-07-14,Personal-Email,no,ACCEPTED,7,14,11,37,1,267469,1,2,1,1,2,1,0,-0.20860153832490386,Non_Fraudulent
017ed38a-5987-14f5-aff9-41631673c9b1,2,missing,complete,2022-04-07,Personal-Email,no,ACCEPTED,4,7,12,50,1,125000,1,1,1,1,2,1,0,-0.21386240116915956,Non_Fraudulent
0181106b-dcce-a1ec-c1d0-2492b70878b3,2,missing,complete,2022-06-13,Personal-Email,no,ACCEPTED,6,13,16,52,1,100000,1,1,1,1,2,1,0,-0.22214515661712925,Non_Fraudulent
017c8009-5896-f4aa-0637-1dc9b267b536,2,missing,complete,2022-06-01,Personal-Email,yes,ACCEPTED,6,1,7,29,1,2000,1,1,1,1,1,1,0,-0.2084711364099479,Non_Fraudulent
017cbb7b-c097-f8d4-22c5-ac182c985dac,2,ecommerce,complete,2022-02-08,Personal-Email,no,ACCEPTED,2,8,9,58,1,166931,1,2,1,1,2,1,0,-0.14074866010524895,Non_Fraudulent
017e8d5f-04ea-749d-67b2-3584f2b5f379,2,missing,complete,2022-01-27,Personal-Email,no,ACCEPTED,1,27,10,20,1,100000,1,1,1,1,2,1,0,-0.17833324074610712,Non_Fraudulent
017cbb7b-c097-f8d4-22c5-ac182c985dac,2,ecommerce,complete,2022-08-19,Personal-Email,no,ACCEPTED,8,19,9,42,1,267469,1,2,1,1,2,1,0,-0.20075063154063733,Non_Fraudulent
01812676-9777-3cc5-1ce1-0280e88b26af,2,ecommerce,complete,2022-12-09,Personal-Email,no,ACCEPTED,12,9,14,17,1,500,1,2,1,1,2,1,0,-0.17523345001102741,Non_Fraudulent
017c69d6-cc52-ad82-88e6-226724b45d8e,2,missing,complete,2022-10-09,Personal-Email,yes,ACCEPTED,10,9,13,16,1,7000000,1,1,1,1,1,1,0,-0.1551106709447348,Non_Fraudulent
017c5f9c-2fec-56e0-3835-a626e20fa317,2,missing,complete,2022-05-23,Personal-Email,no,ACCEPTED,5,23,14,46,1,100000,1,1,1,1,2,1,0,-0.21449427205828303,Non_Fraudulent
018207dc-1941-1f3c-7151-ae2d7206e7bc,2,missing,complete,2022-07-16,Personal-Email,no,ACCEPTED,7,16,17,5,1,2000000,1,1,1,1,2,1,0,-0.19964655600183956,Non_Fraudulent
017c5a7d-38c2-844a-68fd-06a042e5dd3b,2,missing,complete,2021-10-14,Personal-Email,yes,ACCEPTED,10,14,15,54,1,2000,1,1,1,1,1,1,0,-0.2031460037046413,Non_Fraudulent
018181bb-6929-122f-d383-1714f783374a,2,missing,complete,2022-12-07,Personal-Email,no,ACCEPTED,12,7,16,25,1,100000,1,1,1,1,2,1,0,-0.18842914879958245,Non_Fraudulent
017eb04c-8641-76ee-761d-2322e42cc619,2,missing,complete,2022-07-21,Personal-Email,no,ACCEPTED,7,21,11,54,1,200000,1,1,1,1,2,1,0,-0.22373871681702467,Non_Fraudulent
0180b250-7998-9870-79a1-326f7c98144a,missing,ecommerce,complete,2022-06-24,No-Email,no,UNKNOWN,6,24,14,20,1,26125,3,2,1,2,2,2,0,-0.12468810303937061,Non_Fraudulent
017c744e-a16f-f70b-6e01-bea6d26caea8,2,missing,complete,2021-11-23,Personal-Email,yes,ACCEPTED,11,23,7,10,1,900000,1,1,1,1,1,1,0,-0.1990925513505784,Non_Fraudulent
017c5103-a88a-e25e-49dc-d8d765f87057,2,missing,failed,2021-11-10,Personal-Email,yes,ACCEPTED,11,10,11,51,1,0,1,1,2,1,1,1,0,-0.17759104918197066,Non_Fraudulent
017f0228-f6b2-b510-4f13-ca5f9ef60202,2,missing,complete,2022-05-13,Personal-Email,yes,ACCEPTED,5,13,7,10,1,100000,1,1,1,1,1,1,0,-0.22687632891710396,Non_Fraudulent
01819554-9d0d-9cd2-89c3-280a43b14b0b,2,missing,complete,2022-08-19,Personal-Email,no,ACCEPTED,8,19,10,41,1,2000,1,1,1,1,2,1,0,-0.2378191951953837,Non_Fraudulent
017cbdeb-9359-f04e-c290-92e2457f4e67,2,missing,complete,2022-09-05,Personal-Email,yes,ACCEPTED,9,5,11,14,1,110000,1,1,1,1,1,1,0,-0.22756685526666387,Non_Fraudulent
017e2acd-cbcf-0849-1602-5686091218b7,2,missing,complete,2022-05-16,Personal-Email,yes,ACCEPTED,5,16,12,56,1,155000,1,1,1,1,1,1,0,-0.2170666826225549,Non_Fraudulent
017cbb61-3742-438c-4aea-a8be5e473283,2,missing,complete,2022-01-08,Personal-Email,no,ACCEPTED,1,8,8,6,1,120000,1,1,1,1,2,1,0,-0.18718948126279156,Non_Fraudulent
0180b250-7998-9870-79a1-326f7c98144a,missing,ecommerce,complete,2022-07-15,No-Email,no,UNKNOWN,7,15,16,57,1,80750,3,2,1,2,2,2,0,-0.12689263105883164,Non_Fraudulent
017ed41c-3970-8840-6c02-fffc99b02ac5,2,ecommerce,complete,2022-12-09,Personal-Email,yes,ACCEPTED,12,9,16,37,1,1000000,1,2,1,1,1,1,0,-0.16577850958983115,Non_Fraudulent
017d03f3-51fa-9ad9-d92c-08c5d7184ded,2,missing,complete,2021-08-12,Personal-Email,yes,ACCEPTED,8,12,21,59,1,10000,1,1,1,1,1,1,0,-0.1698853434760802,Non_Fraudulent
0182e926-24cc-6d67-a00e-2653daf9706a,2,ecommerce,complete,2022-09-13,Personal-Email,no,ACCEPTED,9,13,9,16,1,2000000,1,2,1,1,2,1,0,-0.18024248286037597,Non_Fraudulent
01812ab8-1d59-e9cf-c28b-a1fc9cf39ee3,2,missing,complete,2022-03-06,Personal-Email,no,ACCEPTED,3,6,18,26,1,2600000,1,1,1,1,2,1,0,-0.18400653344888285,Non_Fraudulent
017c64b0-d4c4-8f7c-4b05-cae023abcf1a,2,missing,complete,2022-08-07,Personal-Email,yes,ACCEPTED,8,7,11,35,1,30000,1,1,1,1,1,1,0,-0.2443800545637549,Non_Fraudulent
0182f88c-85b0-3361-8ad8-d1278429e993,2,ecommerce,complete,2022-09-13,Personal-Email,no,ACCEPTED,9,13,14,20,1,166931,1,2,1,1,2,1,0,-0.20374956364740915,Non_Fraudulent
017cba75-3fa6-d92e-1418-8354411023f6,2,ecommerce,complete,2022-06-24,Personal-Email,no,ACCEPTED,6,24,12,25,1,46125,1,2,1,1,2,1,0,-0.1842735381031243,Non_Fraudulent
0180b250-7998-9870-79a1-326f7c98144a,missing,ecommerce,complete,2022-08-30,No-Email,no,UNKNOWN,8,30,9,51,1,1589537,3,2,1,2,2,2,0,-0.09718568924405302,Non_Fraudulent
01812024-22ac-bff6-4093-707dde53b295,2,missing,complete,2022-01-06,Personal-Email,no,ACCEPTED,1,6,16,53,1,1990000,1,1,1,1,2,1,0,-0.16598324930782288,Non_Fraudulent
01811b3b-df7f-623e-5118-a10530e1434b,2,missing,complete,2022-11-07,Personal-Email,no,DENIED,11,7,11,58,1,2000000,1,1,1,1,2,3,0,-0.09999715914324192,Non_Fraudulent
018119f5-a107-8a0c-e8c3-e3e82d7d025f,2,ecommerce,complete,2022-08-29,Personal-Email,no,ACCEPTED,8,29,12,51,1,267469,1,2,1,1,2,1,0,-0.16925394336193283,Non_Fraudulent
017cd0de-2d79-e107-9682-5c3eeda12bd4,2,ecommerce,complete,2022-09-06,Personal-Email,yes,ACCEPTED,9,6,11,6,1,20000,1,2,1,1,1,1,0,-0.17816090758701525,Non_Fraudulent
018259d3-bd9c-157b-eced-c68512a8cad9,missing,ecommerce,complete,2022-09-01,No-Email,no,UNKNOWN,9,1,12,18,1,95000,3,2,1,2,2,2,0,-0.15083262061094194,Non_Fraudulent
0181fd2a-1c1a-36c6-574f-64e4aa7da4fa,2,missing,complete,2022-07-15,Personal-Email,no,DENIED,7,15,6,10,1,2000000,1,1,1,1,2,3,0,-0.08204850494047422,Non_Fraudulent
017ce482-4872-1b75-4999-6948af398e72,2,missing,complete,2022-07-20,Personal-Email,yes,ACCEPTED,7,20,16,26,1,100,1,1,1,1,1,1,0,-0.23893631377757668,Non_Fraudulent
017cb74a-aed6-4bd9-7a2c-ecab2603af8b,2,ecommerce,complete,2022-11-09,Personal-Email,no,ACCEPTED,11,9,21,23,1,1500000,1,2,1,1,2,1,0,-0.13076056518631823,Non_Fraudulent
017c5fdd-c29c-0deb-c4c9-0f7bf482809b,2,missing,complete,2021-10-26,Personal-Email,yes,ACCEPTED,10,26,13,59,1,7000,1,1,1,1,1,1,0,-0.1785804239371251,Non_Fraudulent
0180b250-7998-9870-79a1-326f7c98144a,missing,ecommerce,complete,2022-06-21,No-Email,no,UNKNOWN,6,21,12,10,1,166125,3,2,1,2,2,2,0,-0.13458860109021797,Non_Fraudulent
017e3e87-6732-883c-fa95-55f5ceedce8e,2,missing,complete,2022-01-07,Personal-Email,yes,ACCEPTED,1,7,17,13,1,225000,1,1,1,1,1,1,0,-0.1857855286440202,Non_Fraudulent
017c55ba-e82d-598d-22c2-3999234376ea,2,missing,complete,2021-01-12,Personal-Email,yes,ACCEPTED,1,12,12,40,1,30000,1,1,1,1,1,1,0,-0.2100990046525919,Non_Fraudulent
017c54ef-0069-e597-9697-1f4118674491,2,missing,complete,2021-07-10,Personal-Email,yes,ACCEPTED,7,10,14,24,1,45000,1,1,1,1,1,1,0,-0.23727642532718674,Non_Fraudulent
017e5fc5-10e5-84a2-ae4b-8f500cfc3cc3,2,missing,complete,2022-01-15,Personal-Email,yes,ACCEPTED,1,15,23,51,1,7000000,1,1,1,1,1,1,0,-0.07983877131645611,Non_Fraudulent
0181fc49-128e-8267-9549-f5ddbe8960cf,2,missing,complete,2022-07-14,Personal-Email,no,ACCEPTED,7,14,10,55,1,2000000,1,1,1,1,2,1,0,-0.21675898070445265,Non_Fraudulent
018119f5-a107-8a0c-e8c3-e3e82d7d025f,2,ecommerce,complete,2022-09-07,Personal-Email,no,ACCEPTED,9,7,9,17,1,267469,1,2,1,1,2,1,0,-0.1937547243221912,Non_Fraudulent
017ebecb-e952-e9bb-6969-72f366927aa9,2,missing,complete,2022-06-24,Personal-Email,yes,ACCEPTED,6,24,8,6,1,140000,1,1,1,1,1,1,0,-0.2138760639130688,Non_Fraudulent
018259d3-bd9c-157b-eced-c68512a8cad9,missing,ecommerce,complete,2022-09-03,No-Email,no,UNKNOWN,9,3,12,41,1,500000,3,2,1,2,2,2,0,-0.1528414721657268,Non_Fraudulent
01811a06-11f6-8abf-1d72-fa16936f87f8,2,ecommerce,complete,2022-08-30,Personal-Email,no,ACCEPTED,8,30,13,15,1,518813,1,2,1,1,2,1,0,-0.16928946463593436,Non_Fraudulent
018259d3-bd9c-157b-eced-c68512a8cad9,missing,ecommerce,complete,2022-09-05,No-Email,no,UNKNOWN,9,5,14,52,1,15000000,3,2,1,2,2,2,0,-0.04653849093965645,Non_Fraudulent
017ce119-ac5f-aef4-111e-400fab8fe718,2,missing,complete,2022-01-07,ProfessionalEmail,yes,ACCEPTED,1,7,9,52,1,900000,1,1,1,3,1,1,0,-0.08076050970059945,Non_Fraudulent
017ce5cc-37f9-a9dc-5835-c6919dc06019,2,missing,complete,2021-08-12,Personal-Email,yes,ACCEPTED,8,12,8,37,1,145000,1,1,1,1,1,1,0,-0.2471550994482007,Non_Fraudulent
017ce1af-07c0-e04c-8586-8bfd6e985ff6,2,missing,complete,2022-03-18,Personal-Email,yes,ACCEPTED,3,18,10,54,1,100000,1,1,1,1,1,1,0,-0.20288402690403168,Non_Fraudulent
017cdb12-a4c9-1b30-dc6b-8acf8fa7d27b,2,missing,complete,2022-02-26,Personal-Email,yes,ACCEPTED,2,26,20,28,1,3020000,1,1,1,1,1,1,0,-0.1341817743338704,Non_Fraudulent
017eb5aa-0fac-1df9-8f6c-6cddfb628c2f,2,missing,complete,2022-07-21,Personal-Email,yes,ACCEPTED,7,21,8,59,1,50000,1,1,1,1,1,1,0,-0.2059945880148059,Non_Fraudulent
017cf6fd-2bb7-f248-25e9-435c82de98ce,2,missing,complete,2021-06-11,Personal-Email,no,ACCEPTED,6,11,20,54,1,500000,1,1,1,1,2,1,0,-0.19765197498934878,Non_Fraudulent
01813dd1-4f0c-e929-bcfa-57e7a5574f75,2,missing,complete,2022-07-06,Personal-Email,no,ACCEPTED,7,6,11,54,1,10000,1,1,1,1,2,1,0,-0.22836759465530831,Non_Fraudulent
017f12fc-7681-7b6c-6033-a6c0e443bff2,2,missing,complete,2022-02-21,Personal-Email,no,ACCEPTED,2,21,12,57,1,4800000,1,1,1,1,2,1,0,-0.14684558922649432,Non_Fraudulent
01811fbf-e65d-5eb1-1d39-a7acc297a0b1,2,missing,complete,2022-07-16,Personal-Email,no,ACCEPTED,7,16,16,43,1,1915000,1,1,1,1,2,1,0,-0.22275855223378582,Non_Fraudulent
0180b250-7998-9870-79a1-326f7c98144a,missing,ecommerce,complete,2022-08-15,No-Email,no,UNKNOWN,8,15,14,0,2,434400,3,2,1,2,2,2,0,-0.028238183511300252,Non_Fraudulent
0180b250-7998-9870-79a1-326f7c98144a,missing,ecommerce,complete,2022-09-09,No-Email,no,UNKNOWN,9,9,10,41,1,267469,3,2,1,2,2,2,0,-0.16707327706586694,Non_Fraudulent
017cdd06-1502-d9b9-5bef-823344893fd1,2,missing,complete,2022-06-22,Personal-Email,yes,ACCEPTED,6,22,12,35,1,75000,1,1,1,1,1,1,0,-0.23821208184626547,Non_Fraudulent
017c6098-24dd-158f-439d-969d23391697,2,missing,complete,2022-04-14,Personal-Email,yes,ACCEPTED,4,14,14,41,1,800000,1,1,1,1,1,1,0,-0.22810502947501426,Non_Fraudulent
017efc93-9674-3742-9b8b-3c3808e12844,2,missing,complete,2022-01-07,Personal-Email,yes,ACCEPTED,1,7,14,56,1,12,1,1,1,1,1,1,0,-0.16450456295867177,Non_Fraudulent
017cae08-8183-7633-8ad6-060bafec2d9e,2,missing,complete,2021-01-12,Personal-Email,no,ACCEPTED,1,12,8,46,1,10000,1,1,1,1,2,1,0,-0.1923780065736636,Non_Fraudulent
017eb5aa-0fac-1df9-8f6c-6cddfb628c2f,2,missing,complete,2022-07-28,Personal-Email,yes,ACCEPTED,7,28,7,18,1,100000,1,1,1,1,1,1,0,-0.22377673343965654,Non_Fraudulent
017cb729-22b7-ed05-7854-c12378607723,2,ecommerce,complete,2022-08-30,Personal-Email,no,ACCEPTED,8,30,8,18,1,1190000,1,2,1,1,2,1,0,-0.15750666166803257,Non_Fraudulent
017cb5b0-e3d5-4128-6047-a47e6f382c2a,2,missing,complete,2021-02-11,Personal-Email,no,ACCEPTED,2,11,14,6,1,5000,1,1,1,1,2,1,0,-0.20050714153906274,Non_Fraudulent
017fe072-0f0b-cb6e-8320-1643be0c0c3d,2,ecommerce,complete,2022-09-13,Personal-Email,yes,ACCEPTED,9,13,20,20,1,200000,1,2,1,1,1,1,0,-0.16596491351533232,Non_Fraudulent
017c49b0-ea5a-de1d-9e0d-c90a63b28e6f,2,missing,complete,2021-10-10,Personal-Email,yes,ACCEPTED,10,10,14,1,1,20000,1,1,1,1,1,1,0,-0.18823246506971536,Non_Fraudulent
018246a2-e410-4575-da03-5d0737d3ba09,missing,ecommerce,complete,2022-12-09,No-Email,no,UNKNOWN,12,9,7,23,1,10000,3,2,1,2,2,2,0,-0.12378718379322917,Non_Fraudulent
017d7538-dde5-cda7-136e-2bb34d267db0,2,missing,complete,2022-10-06,Personal-Email,yes,ACCEPTED,10,6,14,56,1,200000,1,1,1,1,1,1,0,-0.19561602860921729,Non_Fraudulent
017ffa85-6745-1b28-0c2b-7e7bcf933e3a,2,missing,complete,2022-05-04,Personal-Email,yes,ACCEPTED,5,4,16,42,1,100,1,1,1,1,1,1,0,-0.21042419211262914,Non_Fraudulent
017e43b8-eb68-a472-66e9-48571ed21054,2,missing,complete,2022-07-29,ProfessionalEmail,yes,ACCEPTED,7,29,10,15,1,800000,1,1,1,3,1,1,0,-0.11356224843196017,Non_Fraudulent
0180b250-7998-9870-79a1-326f7c98144a,missing,ecommerce,complete,2022-08-16,No-Email,no,UNKNOWN,8,16,11,28,1,166931,3,2,1,2,2,2,0,-0.17038132780471427,Non_Fraudulent
017f1e06-08d4-0659-e9a3-cc7651258817,2,missing,complete,2022-03-28,Personal-Email,no,DENIED,3,28,2,47,1,2000000,1,1,1,1,2,3,0,-0.042912565811770165,Non_Fraudulent
017c5c4d-5a00-5357-6ab0-700e5ee51043,2,missing,complete,2022-07-22,Personal-Email,no,ACCEPTED,7,22,11,55,1,310000,1,1,1,1,2,1,0,-0.22174954426247934,Non_Fraudulent
01812076-0cad-f7c2-e287-128339f4d521,2,missing,complete,2022-06-19,Personal-Email,no,ACCEPTED,6,19,11,12,1,190000,1,1,1,1,2,1,0,-0.23427181893035232,Non_Fraudulent
017cbbdf-c87f-bc3d-b602-a76577fd45dc,2,ecommerce,complete,2022-07-25,Personal-Email,no,ACCEPTED,7,25,9,1,1,120063,1,2,1,1,2,1,0,-0.15559891656671215,Non_Fraudulent
017f0887-05ee-23d9-cf23-f1e8cec223bf,2,missing,complete,2022-08-11,Personal-Email,yes,ACCEPTED,8,11,6,59,1,100000,1,1,1,1,1,1,0,-0.18456557876509772,Non_Fraudulent
01810525-3cec-6fcf-4461-4a9d7c61a744,2,missing,complete,2022-05-27,Personal-Email,no,ACCEPTED,5,27,11,37,1,3000,1,1,1,1,2,1,0,-0.21869490615139153,Non_Fraudulent
017cae08-8183-7633-8ad6-060bafec2d9e,2,missing,complete,2021-02-11,Personal-Email,no,ACCEPTED,2,11,14,17,1,1500,1,1,1,1,2,1,0,-0.2065924999665062,Non_Fraudulent
0180309d-2a43-7333-1298-d9055151b30e,2,missing,complete,2022-05-20,Personal-Email,yes,ACCEPTED,5,20,6,19,1,100,1,1,1,1,1,1,0,-0.21170728934286853,Non_Fraudulent
017c654e-1b4d-da8b-ceef-054e251acad7,2,ecommerce,complete,2022-09-09,Personal-Email,yes,ACCEPTED,9,9,13,37,1,200000,1,2,1,1,1,1,0,-0.20125665033883394,Non_Fraudulent
0182f88c-85b0-3361-8ad8-d1278429e993,2,ecommerce,complete,2022-09-09,Personal-Email,no,ACCEPTED,9,9,16,24,1,267469,1,2,1,1,2,1,0,-0.19580480466469224,Non_Fraudulent
017f5434-b857-e82d-90b4-fd13e9ae3798,2,missing,complete,2022-09-03,Personal-Email,no,DENIED,9,3,14,56,1,1540000,1,1,1,1,2,3,0,-0.08555101913408025,Non_Fraudulent
0180b250-7998-9870-79a1-326f7c98144a,missing,ecommerce,complete,2022-04-07,No-Email,no,UNKNOWN,4,7,14,53,1,66394,3,2,1,2,2,2,0,-0.11232757599901977,Non_Fraudulent
01818ec8-7947-0434-bc1a-606149837b03,2,missing,complete,2022-08-19,Personal-Email,no,ACCEPTED,8,19,11,39,1,400,1,1,1,1,2,1,0,-0.2390075893078204,Non_Fraudulent
017da5ef-f780-6a97-9fe9-8d6e8533551e,2,ecommerce,complete,2022-09-02,Personal-Email,yes,ACCEPTED,9,2,15,41,1,2000000,1,2,1,1,1,1,0,-0.14769500701061433,Non_Fraudulent
017d51b9-20dd-f06d-c82b-80fcffe78d73,2,missing,complete,2021-12-31,Personal-Email,no,ACCEPTED,12,31,17,46,1,500,1,1,1,1,2,1,0,-0.15481256209060512,Non_Fraudulent
017f07fd-577a-1d9b-d76e-e17d0403ca93,2,missing,complete,2022-04-07,Personal-Email,no,ACCEPTED,4,7,9,23,1,1000000,1,1,1,1,2,1,0,-0.2203897345861286,Non_Fraudulent
017c54ef-0069-e597-9697-1f4118674491,2,missing,complete,2022-08-08,Personal-Email,yes,ACCEPTED,8,8,7,38,1,200000,1,1,1,1,1,1,0,-0.2376758800624202,Non_Fraudulent
01806032-3a9f-023e-0c4e-5c3cfb4ef9a1,2,missing,complete,2022-04-26,Personal-Email,yes,DENIED,4,26,5,54,1,7920000,1,1,1,1,1,3,0,-0.005187304499891354,Non_Fraudulent
017d7599-34dd-4b3b-b549-3446b2614e19,2,missing,complete,2021-05-12,Personal-Email,no,ACCEPTED,5,12,12,58,1,100,1,1,1,1,2,1,0,-0.20961532004972555,Non_Fraudulent
017cbdfb-b676-a97a-8ee0-8e05082515c4,2,missing,complete,2022-06-25,Personal-Email,no,ACCEPTED,6,25,16,10,1,1000000,1,1,1,1,2,1,0,-0.20875673338825818,Non_Fraudulent
017efdef-29dd-2fa3-211f-e945c0572e04,2,missing,complete,2022-06-25,Personal-Email,yes,ACCEPTED,6,25,16,18,1,1000000,1,1,1,1,1,1,0,-0.2190825252726315,Non_Fraudulent
017cb719-2de6-2c3e-90f7-c8051a6a127e,2,missing,complete,2022-08-10,Personal-Email,no,ACCEPTED,8,10,18,58,1,50000,1,1,1,1,2,1,0,-0.20005739902432113,Non_Fraudulent
01800457-1be9-af6b-edd1-809988d5ccb4,2,missing,complete,2022-07-07,Personal-Email,no,ACCEPTED,7,7,6,52,1,990000,1,1,1,1,2,1,0,-0.20397661116073823,Non_Fraudulent
018246a2-e410-4575-da03-5d0737d3ba09,missing,ecommerce,complete,2022-10-09,No-Email,no,UNKNOWN,10,9,20,9,1,40000,3,2,1,2,2,2,0,-0.12329937053945828,Non_Fraudulent
01802dc9-26a8-19ee-32de-268aabb8d0c6,2,missing,complete,2022-04-17,Personal-Email,no,DENIED,4,17,10,30,1,5000000,1,1,1,1,2,3,0,-0.09832757293510785,Non_Fraudulent
017c5c4d-5a00-5357-6ab0-700e5ee51043,2,missing,complete,2022-05-31,Personal-Email,no,ACCEPTED,5,31,12,8,1,250000,1,1,1,1,2,1,0,-0.18394262225623104,Non_Fraudulent
017ed3a9-62de-cbab-ba04-5082e0503119,2,missing,complete,2022-06-20,Personal-Email,yes,ACCEPTED,6,20,11,45,1,120000,1,1,1,1,1,1,0,-0.23963063884787394,Non_Fraudulent
017c5103-a88a-e25e-49dc-d8d765f87057,2,missing,complete,2021-12-13,Personal-Email,yes,ACCEPTED,12,13,10,12,1,20000,1,1,1,1,1,1,0,-0.2140850566867037,Non_Fraudulent
018331c1-5f5f-a4d3-ecd3-8f1e92336c8f,2,missing,complete,2022-09-13,Personal-Email,no,ACCEPTED,9,13,9,52,1,500,1,1,1,1,2,1,0,-0.22647426422596806,Non_Fraudulent
017c4fbb-c375-49b6-572b-3bd601dbd018,2,missing,complete,2022-08-09,Personal-Email,yes,ACCEPTED,8,9,8,3,1,280000,1,1,1,1,1,1,0,-0.20915192812299793,Non_Fraudulent
017cc6dc-fbd1-aec9-cef2-e5062d828d54,2,missing,complete,2021-10-28,Personal-Email,yes,ACCEPTED,10,28,13,16,1,50,1,1,1,1,1,1,0,-0.22126049763923905,Non_Fraudulent
017cdb4c-2292-5446-9057-d26bdd05547c,2,missing,complete,2021-01-11,Personal-Email,yes,ACCEPTED,1,11,11,45,1,50000,1,1,1,1,1,1,0,-0.20347776709216275,Non_Fraudulent
017d7516-5ea1-d4d2-4798-2a4e8214bd80,2,missing,complete,2021-01-12,Personal-Email,yes,ACCEPTED,1,12,12,51,1,2000,1,1,1,1,1,1,0,-0.18674962989803373,Non_Fraudulent
017eb52d-4aff-df85-bb55-27be3a1d1ced,2,missing,complete,2022-07-22,Personal-Email,yes,ACCEPTED,7,22,10,40,1,750000,1,1,1,1,1,1,0,-0.2335078152467086,Non_Fraudulent
0182a211-a970-59e4-80f0-980bc9c3c9e0,2,ecommerce,complete,2022-08-09,Personal-Email,no,ACCEPTED,8,9,20,15,1,66394,1,2,1,1,2,1,0,-0.16965359632251886,Non_Fraudulent
017efceb-1184-02e3-7318-16892f9090df,2,missing,complete,2022-02-15,Personal-Email,no,ACCEPTED,2,15,12,34,1,1000,1,1,1,1,2,1,0,-0.2134320185154967,Non_Fraudulent
017db8bb-4bea-cd1f-cc8c-7c9a8dcd3443,2,missing,complete,2022-06-27,Personal-Email,no,ACCEPTED,6,27,13,40,1,40000,1,1,1,1,2,1,0,-0.2220756161915039,Non_Fraudulent
017ed388-4232-1996-09ce-940412617993,2,missing,complete,2022-08-09,Personal-Email,no,ACCEPTED,8,9,13,23,1,500000,1,1,1,1,2,1,0,-0.23537680195912702,Non_Fraudulent
017ec3ec-ee96-223f-913b-2648d4dcc8c5,2,missing,complete,2022-08-27,Personal-Email,yes,ACCEPTED,8,27,8,53,1,3300000,1,1,1,1,1,1,0,-0.1847082818864043,Non_Fraudulent
017e2489-7d81-f03a-e496-a6e0637b22d2,2,missing,complete,2022-02-16,Personal-Email,yes,ACCEPTED,2,16,10,39,1,120000,1,1,1,1,1,1,0,-0.22026706817697417,Non_Fraudulent
018259d3-bd9c-157b-eced-c68512a8cad9,missing,ecommerce,complete,2022-09-02,No-Email,no,UNKNOWN,9,2,9,56,1,40000,3,2,1,2,2,2,0,-0.11381941026096176,Non_Fraudulent
017f0bad-b891-5fd5-ced2-18ebc75d0620,2,ecommerce,complete,2022-12-09,Personal-Email,yes,ACCEPTED,12,9,11,0,1,2000000,1,2,1,1,1,1,0,-0.1210699460099578,Non_Fraudulent
017f0304-4cc8-baa0-5ccc-415a332ed3d4,2,missing,complete,2022-10-06,Personal-Email,yes,ACCEPTED,10,6,11,20,1,400000,1,1,1,1,1,1,0,-0.23153577862944114,Non_Fraudulent
0180f5ca-3e48-ce1b-ac76-c04fcfa124a7,2,missing,complete,2022-05-24,Personal-Email,no,ACCEPTED,5,24,11,28,1,5000000,1,1,1,1,2,1,0,-0.19111712260234642,Non_Fraudulent
0180b250-7998-9870-79a1-326f7c98144a,missing,ecommerce,complete,2022-04-08,No-Email,no,UNKNOWN,4,8,16,40,1,518813,3,2,1,2,2,2,0,-0.11835133921160834,Non_Fraudulent
018259d3-bd9c-157b-eced-c68512a8cad9,missing,ecommerce,complete,2022-08-26,No-Email,no,UNKNOWN,8,26,11,12,1,10000,3,2,1,2,2,2,0,-0.14737698414905898,Non_Fraudulent
0182a8da-365f-53a8-18f8-ae346e70e58d,2,ecommerce,complete,2022-08-27,Personal-Email,no,ACCEPTED,8,27,9,15,1,30000,1,2,1,1,2,1,0,-0.18760421152070206,Non_Fraudulent
018259d3-bd9c-157b-eced-c68512a8cad9,missing,ecommerce,complete,2022-08-09,No-Email,no,UNKNOWN,8,9,7,11,1,5000000,3,2,1,2,2,2,0,-0.08184538440503464,Non_Fraudulent
018259d3-bd9c-157b-eced-c68512a8cad9,missing,ecommerce,complete,2022-09-09,No-Email,no,UNKNOWN,9,9,19,33,2,2150000,3,2,1,2,2,2,0,-0.037047361075160934,Non_Fraudulent
017c68ea-58b3-9aa5-e571-4753798ac745,2,missing,complete,2022-07-14,Personal-Email,yes,ACCEPTED,7,14,14,55,1,5000000,1,1,1,1,1,1,0,-0.1722428110366726,Non_Fraudulent
018190fa-a29e-a25d-9808-f8249a85212c,2,missing,complete,2022-12-07,Personal-Email,no,ACCEPTED,12,7,16,20,1,100000,1,1,1,1,2,1,0,-0.1862368425960339,Non_Fraudulent
017f21f5-a19b-1c61-ec95-e4420394d4b8,2,missing,complete,2022-02-22,Personal-Email,no,ACCEPTED,2,22,15,59,1,5500,1,1,1,1,2,1,0,-0.15465746557181592,Non_Fraudulent
017ed9d9-03d1-2905-bf23-7cf2690f5483,2,missing,complete,2022-08-26,Personal-Email,yes,ACCEPTED,8,26,11,26,1,100,1,1,1,1,1,1,0,-0.23948006186989834,Non_Fraudulent
0182ff9b-041a-885b-07ea-11725f77f9a9,2,missing,complete,2022-09-02,Personal-Email,no,ACCEPTED,9,2,19,14,1,5000,1,1,1,1,2,1,0,-0.18194998398213658,Non_Fraudulent
018259d3-bd9c-157b-eced-c68512a8cad9,missing,ecommerce,complete,2022-10-09,No-Email,no,UNKNOWN,10,9,16,4,1,1100000,3,2,1,2,2,2,0,-0.1368067817316475,Non_Fraudulent
017f0718-6ffa-b09e-eef2-477a702ce7ea,2,missing,complete,2022-02-08,ProfessionalEmail,yes,ACCEPTED,2,8,16,53,1,2500000,1,1,1,3,1,1,0,-0.06855864952305324,Non_Fraudulent
017fcd99-3793-5946-e52b-67708e41a9f1,2,missing,complete,2022-11-07,Personal-Email,yes,DENIED,11,7,8,55,1,3540000,1,1,1,1,1,3,0,-0.06146237479943706,Non_Fraudulent
017d5b5e-f471-fa86-4d27-741c78949ded,2,ecommerce,complete,2022-09-05,Personal-Email,yes,ACCEPTED,9,5,16,18,1,4500000,1,2,1,1,1,1,0,-0.12576496129578196,Non_Fraudulent
0181d333-7415-5969-02d9-00eb553a3361,2,missing,complete,2022-08-07,Personal-Email,no,DENIED,8,7,16,4,1,400000,1,1,1,1,2,3,0,-0.0968307816826971,Non_Fraudulent
0181709d-5c49-c009-0e41-140000d82682,2,missing,complete,2022-08-10,Personal-Email,no,ACCEPTED,8,10,8,9,1,10000,1,1,1,1,2,1,0,-0.22317051233636942,Non_Fraudulent
0180b250-7998-9870-79a1-326f7c98144a,missing,ecommerce,complete,2022-08-15,No-Email,no,UNKNOWN,8,15,15,15,1,267469,3,2,1,2,2,2,0,-0.15948539497527164,Non_Fraudulent
017c5a00-33b8-6931-6cb8-07789bfa1c43,3,missing,complete,2022-02-02,Personal-Email,yes,ACCEPTED,2,2,8,41,1,100000,2,1,1,1,1,1,0,-0.12131466547604541,Non_Fraudulent
0181baaa-c4f3-384f-7262-75b2b7da6b65,2,missing,complete,2022-07-07,Personal-Email,no,DENIED,7,7,7,42,1,3000000,1,1,1,1,2,3,0,-0.08292977454133899,Non_Fraudulent
017eb5ed-525a-0b22-fdac-3010c5a01805,2,missing,complete,2022-08-26,Personal-Email,yes,ACCEPTED,8,26,11,44,1,1000,1,1,1,1,1,1,0,-0.23137761988461386,Non_Fraudulent
0182ec93-dd06-9ea1-d734-51ce892e0031,2,ecommerce,complete,2022-08-30,Personal-Email,no,ACCEPTED,8,30,20,45,1,10000,1,2,1,1,2,1,0,-0.13406436691718826,Non_Fraudulent
0180b250-7998-9870-79a1-326f7c98144a,missing,ecommerce,complete,2022-08-30,No-Email,no,UNKNOWN,8,30,13,7,1,166931,3,2,1,2,2,2,0,-0.12997803604498914,Non_Fraudulent
017e2514-6c3e-821a-c605-5db483045ab6,2,ecommerce,complete,2022-09-09,Personal-Email,yes,ACCEPTED,9,9,19,54,1,2000,1,2,1,1,1,1,0,-0.15187541616432743,Non_Fraudulent
017cbb7d-1f00-3c26-73aa-e0ad60fe2bff,2,missing,complete,2022-09-02,Personal-Email,no,ACCEPTED,9,2,10,33,1,800000,1,1,1,1,2,1,0,-0.20848661722717649,Non_Fraudulent
017c73ed-5f70-5806-d9ba-66f560448b6d,2,missing,complete,2022-02-17,Personal-Email,yes,ACCEPTED,2,17,9,38,1,10000,1,1,1,1,1,1,0,-0.21279495071251114,Non_Fraudulent
017d1da5-522f-275d-6407-aefa987d21e6,2,missing,complete,2022-06-17,Personal-Email,no,ACCEPTED,6,17,11,26,1,3200000,1,1,1,1,2,1,0,-0.21989661969017227,Non_Fraudulent
017cdd06-1502-d9b9-5bef-823344893fd1,2,missing,complete,2022-07-27,Personal-Email,yes,ACCEPTED,7,27,12,0,1,120000,1,1,1,1,1,1,0,-0.19710193734452836,Non_Fraudulent
017d8eda-c406-afc2-f163-167247619dd1,2,missing,complete,2022-07-14,Personal-Email,yes,ACCEPTED,7,14,15,9,1,1100000,1,1,1,1,1,1,0,-0.22101639164156545,Non_Fraudulent
017d94bd-9260-5828-bffc-afaa5b21b73c,2,missing,complete,2022-07-19,Personal-Email,yes,ACCEPTED,7,19,11,42,1,200000,1,1,1,1,1,1,0,-0.24346126665896312,Non_Fraudulent
017cb412-44c3-35b3-d0ef-f2db244485df,2,missing,complete,2021-11-23,Personal-Email,no,ACCEPTED,11,23,10,49,1,5000,1,1,1,1,2,1,0,-0.21362475311043067,Non_Fraudulent
0181abca-2c81-92fd-6494-14a4bbdb4f78,2,missing,complete,2022-06-29,Personal-Email,no,ACCEPTED,6,29,12,43,1,1500000,1,1,1,1,2,1,0,-0.20660063781270455,Non_Fraudulent
01810596-955b-5a54-39df-d5c582b1d7c3,2,missing,complete,2022-07-26,Personal-Email,no,ACCEPTED,7,26,10,24,1,1000000,1,1,1,1,2,1,0,-0.2263752690433939,Non_Fraudulent
017d13fd-7638-852f-ee90-b7c6516e04f8,2,missing,complete,2021-12-11,Personal-Email,yes,ACCEPTED,12,11,12,31,1,1000,1,1,1,1,1,1,0,-0.22042179847242893,Non_Fraudulent
017cb66a-c14a-0f6c-dfb8-be0463f7ff41,2,missing,complete,2021-10-29,Personal-Email,no,ACCEPTED,10,29,20,22,1,50000,1,1,1,1,2,1,0,-0.17548265633923554,Non_Fraudulent
017ed3a9-62de-cbab-ba04-5082e0503119,2,missing,complete,2022-11-05,Personal-Email,yes,ACCEPTED,11,5,13,11,1,20000,1,1,1,1,1,1,0,-0.20871589600643187,Non_Fraudulent
017fc654-fd4b-a4c6-02a2-78d33ab22bc0,2,missing,complete,2022-03-26,Personal-Email,no,DENIED,3,26,14,43,1,500000,1,1,1,1,2,3,0,-0.10459822992229251,Non_Fraudulent
017cb70f-0816-a499-40c2-29af38221635,2,missing,complete,2021-10-11,Personal-Email,no,ACCEPTED,10,11,18,57,1,500000,1,1,1,1,2,1,0,-0.18824739732008094,Non_Fraudulent
01808b11-7912-5fc0-5838-58d29483aeb8,2,missing,complete,2022-05-28,Personal-Email,yes,DENIED,5,28,9,22,1,70000,1,1,1,1,1,3,0,-0.12265142464884615,Non_Fraudulent
017d7d0f-3495-da68-0f19-2dfe6215d681,2,missing,complete,2022-07-22,Personal-Email,yes,ACCEPTED,7,22,11,57,1,155000,1,1,1,1,1,1,0,-0.2155773427774091,Non_Fraudulent
0180b250-7998-9870-79a1-326f7c98144a,missing,ecommerce,complete,2022-08-22,No-Email,no,UNKNOWN,8,22,10,17,1,400000,3,2,1,2,2,2,0,-0.15142357065295997,Non_Fraudulent
017db884-b7e7-09f5-a664-0e1b573257e7,2,missing,complete,2022-08-09,Personal-Email,yes,ACCEPTED,8,9,14,9,1,1500000,1,1,1,1,1,1,0,-0.20992862360134545,Non_Fraudulent
017d0f43-4c3c-cfe6-1cd7-be93d4701570,2,ecommerce,complete,2022-09-01,Personal-Email,no,ACCEPTED,9,1,20,4,1,3542250,1,2,1,1,2,1,0,-0.10906347626136415,Non_Fraudulent
017ce576-3c95-1037-cc23-9e30c96d04a8,2,missing,complete,2022-06-23,Personal-Email,yes,ACCEPTED,6,23,7,21,1,180000,1,1,1,1,1,1,0,-0.2274937782955727,Non_Fraudulent
017d7538-dde5-cda7-136e-2bb34d267db0,2,missing,complete,2022-05-25,Personal-Email,yes,ACCEPTED,5,25,19,41,1,1000,1,1,1,1,1,1,0,-0.2031175524127845,Non_Fraudulent
017d611a-72cc-9df6-2839-08ab420151a3,2,missing,complete,2021-11-27,Personal-Email,yes,ACCEPTED,11,27,11,30,1,1000,1,1,1,1,1,1,0,-0.22593878225362174,Non_Fraudulent
017c63f8-80f1-1cd6-aa78-304af4eb4b4b,2,missing,complete,2021-05-11,Personal-Email,yes,ACCEPTED,5,11,7,19,1,110000,1,1,1,1,1,1,0,-0.23133699020087034,Non_Fraudulent
017f454c-2455-ce8e-35c6-6a7ce32e9bbc,2,missing,complete,2022-08-14,Personal-Email,no,ACCEPTED,8,14,19,54,1,350000,1,1,1,1,2,1,0,-0.19912923917144948,Non_Fraudulent
0180b9b5-6186-ad98-de4b-1b082df92fc4,2,missing,complete,2022-06-15,Personal-Email,yes,ACCEPTED,6,15,7,39,1,1000000,1,1,1,1,1,1,0,-0.22829441725031646,Non_Fraudulent
017d03b1-5b41-0fb7-232f-664194e01b36,2,missing,complete,2022-07-26,Personal-Email,yes,ACCEPTED,7,26,9,15,1,1125000,1,1,1,1,1,1,0,-0.22623937562665963,Non_Fraudulent
0180b250-7998-9870-79a1-326f7c98144a,missing,ecommerce,complete,2022-08-15,No-Email,no,UNKNOWN,8,15,13,26,1,116663,3,2,1,2,2,2,0,-0.17127295390402625,Non_Fraudulent
0181b46c-7d58-7bcd-eaa4-29d72467f687,2,missing,complete,2022-06-30,Personal-Email,no,ACCEPTED,6,30,13,28,1,1000000,1,1,1,1,2,1,0,-0.20341545684336304,Non_Fraudulent
017ceb05-7bbb-889c-2a39-026b10f9f6a0,2,missing,complete,2021-11-17,Personal-Email,yes,ACCEPTED,11,17,12,33,1,170000,1,1,1,1,1,1,0,-0.23801885986013,Non_Fraudulent
017cdae8-e897-ddc4-42d4-602909a407f6,2,missing,complete,2021-01-11,Personal-Email,yes,ACCEPTED,1,11,9,59,1,10000,1,1,1,1,1,1,0,-0.159815209194208,Non_Fraudulent
017f02ee-abdd-5024-8ccb-2e35303db678,2,missing,complete,2022-02-18,Personal-Email,yes,ACCEPTED,2,18,2,34,1,100000,1,1,1,1,1,1,0,-0.16046321118824314,Non_Fraudulent
017e5812-6db1-511f-0053-097a15fec00c,2,missing,complete,2022-09-07,ProfessionalEmail,yes,ACCEPTED,9,7,13,2,1,80000,1,1,1,3,1,1,0,-0.09834723302393211,Non_Fraudulent
01806c5a-a50b-31b2-0226-d3b17b76117f,2,missing,complete,2022-04-27,Personal-Email,yes,DENIED,4,27,19,9,1,5000000,1,1,1,1,1,3,0,-0.06572846485178019,Non_Fraudulent
017c65c1-7776-3af4-e1c9-e93875227cf0,2,missing,complete,2021-10-11,Personal-Email,yes,ACCEPTED,10,11,11,29,1,10000,1,1,1,1,1,1,0,-0.23811447809560543,Non_Fraudulent
017c5103-a88a-e25e-49dc-d8d765f87057,2,missing,complete,2022-06-01,Personal-Email,yes,ACCEPTED,6,1,11,22,1,255000,1,1,1,1,1,1,0,-0.2154833830079942,Non_Fraudulent
017e2443-4c52-38d0-4868-46cc7caad906,2,missing,complete,2022-01-23,ProfessionalEmail,yes,ACCEPTED,1,23,16,34,1,5000,1,1,1,3,1,1,0,-0.08655155559335026,Non_Fraudulent
017cbccc-3b0f-317d-4ef6-2289a1f3aa39,2,ecommerce,complete,2022-08-09,Personal-Email,no,ACCEPTED,8,9,8,27,1,300000,1,2,1,1,2,1,0,-0.2008211870560649,Non_Fraudulent
017efd2b-a1b4-47f9-db7a-504f37b544bc,2,missing,complete,2022-07-14,ProfessionalEmail,yes,ACCEPTED,7,14,7,57,1,120000,1,1,1,3,1,1,0,-0.1057521732785971,Non_Fraudulent
01826850-729e-d7c9-6cfd-03bdbb84a87f,2,ecommerce,complete,2022-08-08,Personal-Email,no,ACCEPTED,8,8,20,0,1,1014,1,2,1,1,2,1,0,-0.13528748050596112,Non_Fraudulent
017f0182-9ba9-9bd8-e7a4-b22ecf3f0f30,2,missing,complete,2022-05-27,ProfessionalEmail,yes,ACCEPTED,5,27,15,29,1,1200000,1,1,1,3,1,1,0,-0.10000550885465875,Non_Fraudulent
0182a244-1614-7ab4-ff22-ed1380a34ad7,3,ecommerce,complete,2022-08-30,Personal-Email,no,ACCEPTED,8,30,17,4,1,20000,2,2,1,1,2,1,0,-0.08346411691271816,Non_Fraudulent
018259d3-bd9c-157b-eced-c68512a8cad9,missing,ecommerce,complete,2022-12-09,No-Email,no,UNKNOWN,12,9,17,27,2,1350000,3,2,1,2,2,2,0,-0.025155059841649563,Non_Fraudulent
018259d3-bd9c-157b-eced-c68512a8cad9,missing,ecommerce,complete,2022-09-03,No-Email,no,UNKNOWN,9,3,20,36,1,10000,3,2,1,2,2,2,0,-0.12397416990751298,Non_Fraudulent
018259d3-bd9c-157b-eced-c68512a8cad9,missing,ecommerce,complete,2022-09-13,No-Email,no,UNKNOWN,9,13,20,4,1,500000,3,2,1,2,2,2,0,-0.10895749707105007,Non_Fraudulent
017ca7b3-f916-92f0-feed-415ea38cbd76,3,missing,complete,2022-07-02,Personal-Email,no,ACCEPTED,7,2,11,34,1,160000,2,1,1,1,2,1,0,-0.13171173042608708,Non_Fraudulent
017c54b4-fd5f-86cb-e836-e48b676422a0,2,missing,complete,2021-12-11,Personal-Email,yes,ACCEPTED,12,11,8,48,1,50000,1,1,1,1,1,1,0,-0.19935674230898232,Non_Fraudulent
017cf10a-dc07-ceac-fa9c-857e0df98592,2,missing,complete,2022-02-03,Personal-Email,yes,ACCEPTED,2,3,21,17,1,10000000,1,1,1,1,1,1,0,-0.06957243931114077,Non_Fraudulent
017e24d6-2caa-13b2-6392-9d13bd15c022,2,missing,complete,2022-08-29,Personal-Email,yes,ACCEPTED,8,29,9,22,1,200000,1,1,1,1,1,1,0,-0.22445630081681284,Non_Fraudulent
018181ee-ed5a-46d3-0431-ce28e0828f8a,2,missing,complete,2022-06-21,Personal-Email,no,ACCEPTED,6,21,0,25,1,1700000,1,1,1,1,2,1,0,-0.1281988253144739,Non_Fraudulent
017cc251-ed10-e864-d6e8-9ae824d748a0,2,missing,complete,2022-08-17,ProfessionalEmail,no,ACCEPTED,8,17,21,2,1,5000,1,1,1,3,2,1,0,-0.06867705483593467,Non_Fraudulent
018104dd-e5fb-33ad-edcb-eaaefca99fdd,2,missing,complete,2022-05-27,Personal-Email,no,ACCEPTED,5,27,10,4,1,5000000,1,1,1,1,2,1,0,-0.16583146093852563,Non_Fraudulent
017cfabf-92fc-a719-d896-a066ccd00324,2,ecommerce,complete,2022-08-14,Personal-Email,yes,ACCEPTED,8,14,17,44,1,872490,1,2,1,1,1,1,0,-0.1772191604310574,Non_Fraudulent
017c6509-7dc0-3926-cdba-9b2627fc9271,2,missing,complete,2022-08-19,Personal-Email,yes,ACCEPTED,8,19,7,12,1,120000,1,1,1,1,1,1,0,-0.23590935298488025,Non_Fraudulent
017f0851-457a-e62a-d030-617061f003ac,2,ecommerce,complete,2022-08-09,Personal-Email,yes,ACCEPTED,8,9,6,52,1,1040000,1,2,1,1,1,1,0,-0.1533175243204447,Non_Fraudulent
01808f00-68ee-6d6f-e8e2-89468df51ef5,2,missing,complete,2022-05-31,ProfessionalEmail,yes,ACCEPTED,5,31,14,41,1,15000,1,1,1,3,1,1,0,-0.08886742953110771,Non_Fraudulent
017c6474-d4a8-b3c6-27dc-6c73073f4211,2,missing,complete,2022-08-16,Personal-Email,no,ACCEPTED,8,16,6,41,1,110000,1,1,1,1,2,1,0,-0.20839631001955528,Non_Fraudulent
017c5a7d-38c2-844a-68fd-06a042e5dd3b,2,missing,complete,2022-05-16,Personal-Email,yes,ACCEPTED,5,16,17,46,1,10000,1,1,1,1,1,1,0,-0.2171110361431648,Non_Fraudulent
017d0588-572a-c109-94f3-1b6bd58909f3,2,missing,complete,2021-09-11,Personal-Email,yes,ACCEPTED,9,11,16,53,1,50000,1,1,1,1,1,1,0,-0.2038952366338655,Non_Fraudulent
01809e6f-642c-c6ef-4bdb-0f8cdbea6d2e,2,missing,complete,2022-07-05,Personal-Email,no,ACCEPTED,7,5,12,26,1,7900,1,1,1,1,2,1,0,-0.23572215207231373,Non_Fraudulent
